Όνομα;Υπότιτλος;Χονδρική τιμή (€);Λιανική τιμή (€);Περιγραφή;Ιδιότητες;Κατάλληλο για;Χρήση;Δράση – Ενεργά συστατικά;Συσκευασία;Χαρακτηριστικά;Κατηγορία;Barcode (EAN);Παραλλαγές (variants);Φωτογραφία;URL επίσημου site;Πηγή;Match
Frezyderm Aqua Care Gel;Ενυδατική και λιπαντική αιδοιοκολπική γέλη;10,15;17,00;Η γέλη Aqua Care είναι ειδικά σχεδιασμένη για την ανακούφιση από τα συμπτώματα της κολπικής ξηρότητας όπως κνησμός, ερεθισμός, αίσθημα καύσου, τοπικοί ερεθισμοί που εμφανίζονται μετά την εμμηνόπαυση ή δυσχέρεια κατά την συνεύρεση. Προσφέρει ενυδάτωση και λίπανση του κολπικού βλεννογόνου. 25% αύξηση ενυδάτωσης στα πρώτα 30 λεπτά εφαρμογής* Δεν περιέχει δραστικές φαρμακευτικές ουσίες και ουσίες με ορμονική δράση- Δεν είναι αντισυλληπτικό.;Χωρίς parabens · pH7 · Ιατροτεχνολογικό προϊόν · CE 2803 · Νέο;Γυναίκες μετά την εμμηνόπαυση;Η γέλη Aqua Care μπορεί να χρησιμοποιηθεί με δύο τρόπους, κατά περίπτωση: Εσωτερική χρήση : 1 εφαρμογή πριν τη βραδινή κατάκλιση ή σύμφωνα με τις οδηγίες του γιατρού. Εξωτερική χρήση: Με δακτυλική εφαρμογή στην αιδιοκολπική περιοχή ή σύμφωνα με τις οδηγίες του γιατρού. Περιέχει 9 δοσομετρικούς εφαρμοστές μίας χρήσης. Γυναικολογικά ελεγμένο. ΠΡΟΕΙΔΟΠΟΙΗΣΕΙΣ: Διαβάστε τις οδηγίες χρήσης. Να μην χρησιμοποιείται σε περιπτώσεις αλλεργίας σε κάποιο από τα συστατικά και μετά την ημερομηνίας λήξης. Να φυλάσσεται µακριά από παιδιά και σε ξηρό και δροσερό μέρος. ΑΝΤΕΝΔΕΙΞΕΙΣ: Δεν υπάρχουν. Ιατροτεχνολογικό προϊόν. Να διαβάζετε πάντα την ετικέτα και τις πληροφορίες για το προϊόν πριν από τη χρήση. Συμβουλευθείτε τον γιατρό ή τον φαρμακοποιό σας.;HMW Hyaluronic acid: Ενυδάτωση| Άμεση ανακούφιση κολπικής ξηρότητας | Μείωση ερεθισμού, κνησμού, καύσου;50g;Κατηγορία frezyderm.gr: Προϊόντα Ομοιοπαθητικής για την Περιποίηση Ευαίσθητης Περιοχής | SKU: 422755;Ομοιοπαθητική;5202888227554;;frezyderm/aqua-care-gel-5202888227554.jpg;https://www.frezyderm.gr/omoiopathitiki/euaisthhth-perioxh/aqua-care-gel-lipantiko-kolpou-gia-thn-emmhnopaush/;frezyderm.gr;Χειροκίνητο
Frezyderm Baby Hydra Milk;;10,74;17,98;Ενυδατικό γαλάκτωμα κατάλληλο για το ξηρό και ευαίσθητο δέρμα. Με φυσιολογικούς ενυδατικούς παράγοντες για πλούσια και σε βάθος ενυδάτωση του δέρματος. Περιποιείται και μαλακώνει το δερματάκι του μωρού και προλαμβάνει την αφυδάτωση και την ξηροδερμία. Εμπλουτισμένο με πρωτεΐνες σιταριού για την ενίσχυση του υδρολιπιδικού μανδύα, που αφήνει ένα λεπτό στρώμα υδρολιπιδικής ισορροπίας για την προστασία της επιδερμίδας από ερεθισμούς. Παράλληλα, περιέχει εκχύλισμα χαμομηλιού για αντιφλογιστική και αντιερεθιστική δράση και αντιφλογιστικά συστατικά με επουλωτικές και καταπραϋντικές ιδιότητες. Νέα ΜΕΓΑΛΥΤΕΡΗ συσκευασία με πρακτική αντλία;Δερματολογικά ελεγμένο;;;;;;Φροντίδα Μωρού;5202888230189;;frezyderm/baby-hydra-milk-5202888230189.jpg;https://www.frezyderm.gr/frontida-mwrou/brefiko-galaktoma/baby-hydra-milk-brefiko-galaktwma/;frezyderm.gr;Ακριβές (GTIN)
Frezyderm Body Shower Revitalizing Cleanser;;7,72;12,92;"Απαλό καθαριστικό σώματος για το καθημερινό ντους, ιδιαίτερα των ευαίσθητων και ερεθισμένων επιδερμίδων. Περιποιείται το ξηρό, αφυδατωμένο δέρμα και ανακουφίζει από τον κνησμό. Τα ενεργά συστατικά του μειώνουν τους ερεθισμούς, ενυδατώνουν και αυξάνουν την αντοχή του δέρματος. Ιδανικό και για την περιποίηση της επιδερμίδας κατά την περίοδο της εγκυμοσύνης. Συνδυάζεται με την Prevenstria Cream για την πρόληψη δημιουργίας ραβδώσεων (ραγάδων) καθώς και με την Triple Effect Body Contouring Frosted Gel για την αντιμετώπιση της κυτταρίτιδας. Βραβευμένο με το βραβείο Prix De Beaute 2014 ως το καλύτερο προϊόν στην κατηγορία ""Περιποίηση – Αδυνάτισμα Σώματος""";Τοξικολογικό τεστ ασφάλειας;;;;;;Περιποίηση Σώματος;5202888227158;;frezyderm/body-shower-revitalizing-cleanser-5202888227158.jpg;https://www.frezyderm.gr/peripoiisi-somatos/afroloutra/body-shower-katharistiko-swmatos-euaisthhth-epidermida/;frezyderm.gr;Ακριβές (GTIN)
Frezyderm Christialen Emulsion;;11,18;18,72;Ενυδατικό γαλάκτωμα σώματος για την καθημερινή περιποίηση και θρέψη του δέρματος. Ενυδατώνει άμεσα και σε βάθος την επιδερμίδα σας, αποκαθιστώντας το υδατικό ισοζύγιο, ενώ παράλληλα αποτελεί μια ασπίδα προστασίας από δυσμενείς περιβαλλοντικές συνθήκες. Με δροσερή λεπτόρρευστη και μη λιπαρή υφή που δεν αφήνει ίχνη λιπαρότητας και σας επιτρέπει να ντυθείτε αμέσως. Απλώστε το στην επιδερμίδα σας μετά το ντους και ζήστε την εμπειρία της μεταξένιας επιδερμίδας.;Δερματολογικά ελεγμένο;;;;;;Περιποίηση Σώματος;5202888100413;5202888271090;frezyderm/christialen-emulsion-5202888100413.jpg;https://www.frezyderm.gr/peripoiisi-somatos/galaktomata-somatos/christialen-emulsion-enudatiko-galaktwma-swmatos-200/;frezyderm.gr;Ακριβές (GTIN)
Frezyderm Neck Contour Cream;;25,12;37,75;Εξειδικευμένη κρέμα για σύσφιξη και ανόρθωση του λαιμού και μείωση του διπλοσάγονου. Περιέχει το Phyto Lifting, έναν φυσικό παράγοντα lifting φυτικής προέλευσης που προσφέρει ισχυρή ενυδάτωση και ανόρθωση του χαλαρού δέρματος. Παράλληλα, η ενισχυμένη σύνθεσή της προσφέρει αντιγηραντική, αντιρυτιδική και αντιοξειδωτική δράση, τονώνει την μικροκυκλοφορία και αυξάνει το σφρίγος της επιδερμίδας. Έτσι, επαναπροσδιορίζεται το περίγραμμα και επαναφέρεται το οβάλ του προσώπου και ο λαιμός είναι πιο ελαστικός και πιο νεανικός! Με λεπτόρρευστη και δροσερή υφή που απορροφάται άμεσα. Είναι η εναλλακτική δερμοκαλλυντική προσέγγιση αισθητικών επεμβατικών διεργασιών. Δερματολογικά Ελεγμένη 40% αύξηση σφριγηλότητας λαιμού* 27% αύξηση ελαστικότητας λαιμού*;;;;;;;Περιποίηση Προσώπου;5202888271199;;frezyderm/neck-contour-cream-5202888271199.jpg;https://www.frezyderm.gr/proionta-peripoiisis-prosopou/kremes-prosopou/antigirantikes-kremes/krema-susfiksis-laimou/;frezyderm.gr;Αυτόματο
Frezyderm Abd Reform Skin Tensioner Cream Gel;;15,92;26,65;Κρέμα-τζελ που επαναφέρει την ελαστικότητα και την αρχική όψη του δέρματος μετά από περιόδους έντονης χαλάρωσης. Είναι ιδανική για χρήση σε κοιλιά, μηρούς, γλουτούς και μπράτσα, μετά την εγκυμοσύνη και τον θηλασμό, κατά τη διάρκειά της δίαιτας ή μετά από απότομη ή μεγάλη αλλαγή βάρους. Διαθέτει Τεχνολογία Drain Effect, για άμεση απορρόφηση δραστικών συστατικών και ταυτόχρονη αποσυμφόρηση. Συσφίγγει το δέρμα και ενισχύει την ελαστικότητα και τη μικροκυκλοφορία στα σημεία,προσφέρει λιπόλυση και αυξάνει τη δερματική ενυδάτωση. Ορατά αποτελέσματα +26% ελαστικότητα επιδερμίδας σε 4 εβδομάδες¹ -56% εναπόθεση λίπους σε 60 ημέρες² +24% ενυδάτωση³;;;;;;;Εγκυμοσύνη;5202888227394;;frezyderm/abd-reform-skin-tensioner-cream-gel-5202888227394.jpg;https://www.frezyderm.gr/proionta-egkumosunhs/kremes-susfikshs-gia-egkuous/abd-reform-skin-tensioner-cream-gel-krema-sisfiksis-somatos/;frezyderm.gr;Αυτόματο
Frezyderm Ac-Norm Active Cleanser;;11,55;19,34;Απαλό υγρό καθαρισμού για το λιπαρό δέρμα με τάση ακμής. Αφαιρεί το υπερβολικό σμήγμα, τους ρύπους και το μακιγιάζ, παρέχει βακτηριακή προστασία, προστατεύει από τους περιβαλλοντικούς ρύπους, μειώνει τη λιπαρότητα και παρέχει σμηγματορρυθμιστική δράση. Επιπλέον, έχει κερατολυτική δράση και μειώνει τη δερματική δυσανεξία. Πρωτόκολλο In Vitro και Ex Vivo σε swabs εθελοντών με διαγνωσμένη από Δερματολόγο Ακμή στο Πρόσωπο.;Δερματολογικά ελεγμένο;;;;;;Περιποίηση Προσώπου;5202888228117;;frezyderm/ac-norm-active-cleanser-5202888228117.jpg;https://www.frezyderm.gr/proionta-peripoiisis-prosopou/proionta-katharismou-liparou-dermatos-me-tash-akmhs/ac-norm-active-cleanser-apalo-ygro-katharismou-proswpou/;frezyderm.gr;Αυτόματο
Frezyderm Ac-Norm Active Cleanser;;10,34;14,80;Απαλό υγρό καθαρισμού για το λιπαρό δέρμα με τάση ακμής. Αφαιρεί το υπερβολικό σμήγμα, τους ρύπους και το μακιγιάζ, παρέχει βακτηριακή προστασία, προστατεύει από τους περιβαλλοντικούς ρύπους, μειώνει τη λιπαρότητα και παρέχει σμηγματορρυθμιστική δράση. Επιπλέον, έχει κερατολυτική δράση και μειώνει τη δερματική δυσανεξία. Πρωτόκολλο In Vitro και Ex Vivo σε swabs εθελοντών με διαγνωσμένη από Δερματολόγο Ακμή στο Πρόσωπο.;Δερματολογικά ελεγμένο;;;;;;Περιποίηση Προσώπου;5202888228377;;frezyderm/ac-norm-active-cleanser-5202888228377.jpg;https://www.frezyderm.gr/proionta-peripoiisis-prosopou/proionta-katharismou-liparou-dermatos-me-tash-akmhs/ac-norm-active-cleanser-apalo-ygro-katharismou-proswpou/;frezyderm.gr;Αυτόματο
Frezyderm Ac-Norm Active Foam Plus;;11,50;16,50;Ενεργός αφρός καθαρισμού και περιποίησης κατάλληλος για το λιπαρό δέρμα με τάση ακμής. Σε πρακτική μορφή έτοιμου αφρού που δεν απαιτεί τρίψιμο, για απαλό καθαρισμό χωρίς ερεθισμούς. Αφαιρεί το υπερβολικό σμήγμα, τους ρύπους και το μακιγιάζ, παρέχει βακτηριακή προστασία, μειώνει τη λιπαρότητα και παρέχει σμηγματορρυθμιστική δράση. Πρωτόκολλο In Vitro και Ex Vivo σε swabs εθελοντών με διαγνωσμένη από Δερματολόγο Ακμή στο Πρόσωπο.;Δερματολογικά ελεγμένο;;;;;;Περιποίηση Προσώπου;5202888228384;5202888229384;frezyderm/ac-norm-active-foam-plus-5202888228384.jpg;https://www.frezyderm.gr/proionta-peripoiisis-prosopou/proionta-katharismou-liparou-dermatos-me-tash-akmhs/ac-norm-active-foam-plus-afros-katharismou-proswpou/;frezyderm.gr;Αυτόματο
Frezyderm Ac-Norm Active Wash;;11,80;19,75;Άνυδρο καθαριστικό gel το οποίο ενεργοποιείται με το νερό και μετατρέπεται σε γαλάκτωμα με αποτέλεσμα να ξεπλένεται πιο εύκολα. Προσφέρει αποτελεσματικό καθαρισμό, αποσυμφορεί τους φαγέσωρες, αποτρέπει τη δημιουργία μαύρων στιγμάτων και παρέχει βακτηριακή προστασία. Επίσης, προσφέρει ήπια απολέπιση και δρα εξισορροπιστικά στην επιδερμική μικροχλωρίδα.;Δερματολογικά ελεγμένο;;;;;;Περιποίηση Προσώπου;5202888228445;;frezyderm/ac-norm-active-foam-plus-5202888228445.jpg;https://www.frezyderm.gr/proionta-peripoiisis-prosopou/proionta-katharismou-liparou-dermatos-me-tash-akmhs/ac-norm-active-wash-anydro-tzel-katharismou-proswpou/;frezyderm.gr;Ακριβές (GTIN)
Frezyderm Ac-Norm Aquatic Cream;;10,56;17,67;Ενυδατική κρέμα για την περιποίηση του υπό φαρμακευτική αγωγή δέρματος. Ενυδατώνει εντατικά και σε βάθος για περισσότερες από 8 ώρες, προσφέρει ελαστικότητα και άνεση στο δέρμα, μειώνει αποτελεσματικά τα εμφανή σημάδια ξηροδερμίας, ελαχιστοποιεί τη δερματική δυσανεξία και τις ευαισθησίες και προσδίδει ματ όψη. Είναι ιδανική και ως after shave cream.;Δερματολογικά ελεγμένο;;;;;;Περιποίηση Προσώπου;5202888228070;;frezyderm/ac-norm-aquatic-serum-5202888228070.jpg;https://www.frezyderm.gr/proionta-peripoiisis-prosopou/kremes-gia-liparo-derma-me-tash-akmhs/ac-norm-aquatic-cream-enydatikh-krema/;frezyderm.gr;Αυτόματο
Frezyderm Ac-Norm Aquatic Cream;;12,42;20,80;Ενυδατική κρέμα για την περιποίηση του υπό φαρμακευτική αγωγή δέρματος. Ενυδατώνει εντατικά και σε βάθος για περισσότερες από 8 ώρες, προσφέρει ελαστικότητα και άνεση στο δέρμα, μειώνει αποτελεσματικά τα εμφανή σημάδια ξηροδερμίας, ελαχιστοποιεί τη δερματική δυσανεξία και τις ευαισθησίες και προσδίδει ματ όψη. Είναι ιδανική και ως after shave cream.;Δερματολογικά ελεγμένο;;;;;;Περιποίηση Προσώπου;5202888228452;;frezyderm/ac-norm-aquatic-serum-5202888228452.jpg;https://www.frezyderm.gr/proionta-peripoiisis-prosopou/kremes-gia-liparo-derma-me-tash-akmhs/ac-norm-aquatic-cream-enydatikh-krema/;frezyderm.gr;Ακριβές (GTIN)
Frezyderm Ac-Norm Aquatic Serum;;14,50;24,27;Ενυδατικός oil-free ορός για την περιποίηση του υπό φαρμακευτική αγωγή δέρματος. Προσφέρει δυναμική ενυδάτωση, μειώνει τη δερματική δυσανεξία και τις ευαισθησίες και προσδίδει ματ όψη. Είναι ιδανικό και ως after-shave gel.;Δερματολογικά ελεγμένο;;;;;;Περιποίηση Προσώπου;5202888228421;;frezyderm/ac-norm-aquatic-serum-5202888228421.jpg;https://www.frezyderm.gr/proionta-peripoiisis-prosopou/kremes-gia-liparo-derma-me-tash-akmhs/ac-norm-aquatic-serum-enydatikos-oil-free-oros-proswpou/;frezyderm.gr;Ακριβές (GTIN)
Frezyderm Ac-Norm Baby Cream;;9,96;16,70;Απαλή κρέμα για τα σπυράκια της νεογνικής, βρεφικής και παιδικής επιδερμίδας. Ενδυναμώνει την αυτοάμυνα του ευαίσθητου δέρματος και τον ατελή επιδερμικό φραγμό, ενισχύοντας τα αντιμικροβιακά πεπτίδια του δέρματος που θεωρούνται φυσικά αντιβιοτικά (κατά βακτηρίων, μυκήτων και ιών) και η έλλειψή τους διεγείρει φλεγμονές. Ο συνδυασμός των επιλεγμένων φυτικών συστατικών προσφέρει αντιμικροβιακή, σμηγματορρυθμιστική, αντιφλεγμονώδη και αντιερεθιστική δράση. Είναι ειδικά μελετημένη και προσαρμοσμένη στις ανάγκες του βρεφικού και παιδικού δέρματος.;;;;;;;Φροντίδα Μωρού;5202888221224;;frezyderm/ac-norm-baby-cream-5202888221224.jpg;https://www.frezyderm.gr/frontida-mwrou/brefika-kalluntika/ac-norm-baby-cream-krema-gia-spurakia/;frezyderm.gr;Ακριβές (GTIN)
Frezyderm Ac-Norm Hydra Screen Spf 15;;14,20;23,77;Ενυδατική, αντηλιακή, κρέμα για το λιπαρό, με ατέλειες δέρμα, κατάλληλη σε περιόδους χαμηλής ηλιοφάνειας. Ενυδατώνει σε βάθος, παρέχει αντηλιακή προστασία και προστατεύει από τους περιβαλλοντικούς ρύπους.;Δερματολογικά ελεγμένο;;;;;;Περιποίηση Προσώπου;5202888102097;;frezyderm/ac-norm-hydra-screen-spf-15-5202888102097.jpg;https://www.frezyderm.gr/proionta-peripoiisis-prosopou/kremes-gia-liparo-derma-me-tash-akmhs/ac-norm-hydra-screen-spf-15-enydatikh-anthliakh-krema/;frezyderm.gr;Αυτόματο
Frezyderm Ac-Norm Lip Balm Spf 15;;5,99;10,00;Ενυδατικό Balm με άνυδρη σύνθεση για την καθημερινή περιποίηση των χειλιών και την ανακούφιση της χειλίτιδας από φαρμακευτικές αγωγές. Ενυδατώνει, ανακουφίζει και αποκαθιστά τα σκασμένα χείλη, παρέχει ηλιοπροστασία, έχει αναπλαστική δράση και μειώνει τη δερματική δυσανεξία.;Δερματολογικά ελεγμένο;;;;;;Περιποίηση Προσώπου;5202888228476;;frezyderm/ac-norm-lip-balm-spf-15-5202888228476.jpg;https://www.frezyderm.gr/proionta-peripoiisis-prosopou/kremes-gia-liparo-derma-me-tash-akmhs/ac-norm-lip-balm-spf-15-enydatiko-balm-xeiliwn/;frezyderm.gr;Ακριβές (GTIN)
Frezyderm Ac-Norm Medilike Effect 1 Cream;;14,21;23,80;Μείωση των συμπτωμάτων της ακμής Τύπου 1 (ήπια-φαγεσωρική) Εναλλακτική επιλογή φαρμακευτικών αγωγών. Μιμείται τη δράση της κλασικής θεραπείας για τη μείωση των συμπτωμάτων της ακμής Τύπου 1 (ήπια-φαγεσωρική) χωρίς τη χρήση φαρμακευτικών μορίων. Η FREZYDERM καινοτομεί και παρουσιάζει τη σειρά AC-NORM για ολοκληρωμένη προστασία του ακνεϊκού δέρματος. Δρα αυτόνομα ή συνδυάζεται με φαρμακευτικές αγωγές κατά της ακμής, ενώ ταυτόχρονα προκαλεί σμίκρυνση των διεσταλμένων θυλάκων και μείωση των φλεγμονωδών επαρμάτων. Η δράση της βασίζεται στην ειδική φόρμουλα επιδερμικής εφαρμογής που σχηματίζει υμένιο βαθμιαίας αποδέσμευσης δραστικών συστατικών μέσω της σμηγματοπροσροφητικής δράσης ειδικής σκόνης. Πρωτόκολλο In Vitro και Ex Vivo σε swabs εθελοντών με διαγνωσμένη από Δερματολόγο Ακμή στο Πρόσωπο.;;;;;;;Περιποίηση Προσώπου;5202888228322;;frezyderm/ac-norm-medilike-effect-1-cream-5202888228322.jpg;https://www.frezyderm.gr/proionta-peripoiisis-prosopou/kremes-gia-akmh/ac-norm-medilike-effect-1-cream-symptwmata-akmhs/;frezyderm.gr;Αυτόματο
Frezyderm Ac-Norm Medilike Effect 2 Cream;;15,26;25,55;Μείωση των συμπτωμάτων της ακμής Τύπου 2 (μέτρια-φλεγμονώδης-βλατιδοφλυκταινώδης) Εναλλακτική επιλογή φαρμακευτικών αγωγών. Μιμείται τη δράση της κλασικής θεραπείας για τη μείωση των συμπτωμάτων της ακμής Τύπου 2 (μέτρια-φλεγμονώδης-βλατιδοφλυκταινώδης) χωρίς τη χρήση φαρμακευτικών μορίων. Η FREZYDERM καινοτομεί και παρουσιάζει τη σειρά AC-NORM για ολοκληρωμένη προστασία του ακνεϊκού δέρματος. Δρα αυτόνομα ή συνδυάζεται με φαρμακευτικές αγωγές κατά της ακμής, ενώ ταυτόχρονα προκαλεί σμίκρυνση των διεσταλμένων θυλάκων και μείωση των φλεγμονωδών επαρμάτων. Η δράση της βασίζεται στην ειδική φόρμουλα επιδερμικής εφαρμογής που σχηματίζει υμένιο βαθμιαίας αποδέσμευσης δραστικών συστατικών μέσω της σμηγματοπροσροφητικής δράσης ειδικής σκόνης. Πρωτόκολλο In Vitro και Ex Vivo σε swabs εθελοντών με διαγνωσμένη από Δερματολόγο Ακμή στο Πρόσωπο.;;;;;;;Περιποίηση Προσώπου;5202888228315;;frezyderm/ac-norm-medilike-effect-1-cream-5202888228315.jpg;https://www.frezyderm.gr/proionta-peripoiisis-prosopou/kremes-gia-akmh/ac-norm-medilike-effect-2-cream-symptwmata-akmhs/;frezyderm.gr;Αυτόματο
Frezyderm Ac-Norm Medilike Effect 3 Cream;;16,33;27,34;Μείωση των συμπτωμάτων της ακμής Τύπου 3 (σοβαρή-φλεγμονώδης-οζιδιοκυστική) Εναλλακτική επιλογή φαρμακευτικών αγωγών. Μιμείται τη δράση της κλασικής θεραπείας για τη μείωση των συμπτωμάτων της ακμής Τύπου 3 (σοβαρή-φλεγμονώδης-οζιδιοκυστική) χωρίς τη χρήση φαρμακευτικών μορίων. Η FREZYDERM καινοτομεί και παρουσιάζει τη σειρά AC-NORM για ολοκληρωμένη προστασία του ακνεϊκού δέρματος. Δρα αυτόνομα ή συνδυάζεται με φαρμακευτικές αγωγές κατά της ακμής, ενώ ταυτόχρονα προκαλεί σμίκρυνση των διεσταλμένων θυλάκων και μείωση των φλεγμονωδών επαρμάτων. Η δράση της βασίζεται στην ειδική φόρμουλα επιδερμικής εφαρμογής που σχηματίζει υμένιο βαθμιαίας αποδέσμευσης δραστικών συστατικών μέσω της σμηγματοπροσροφητικής δράσης ειδικής σκόνης. Πρωτόκολλο In Vitro και Ex Vivo σε swabs εθελοντών με διαγνωσμένη από Δερματολόγο Ακμή στο Πρόσωπο.;;;;;;;Περιποίηση Προσώπου;5202888228308;;frezyderm/ac-norm-medilike-effect-1-cream-5202888228308.jpg;https://www.frezyderm.gr/proionta-peripoiisis-prosopou/kremes-gia-akmh/ac-norm-medilike-effect-3-cream-symptwmata-akmhs/;frezyderm.gr;Αυτόματο
Frezyderm Ac-Norm Micellar Water;;8,10;13,56;Υδατικό διάλυμα με αντιερεθιστικά συστατικά που αποκαθιστά τη δερματική ευεξία στο ταλαιπωρημένο δέρμα. Αφαιρεί αποτελεσματικά το σμήγμα και τα υπολείμματα των φαρμακευτικών προϊόντων, προσφέρει ενισχυμένη κερατολυτική δράση, μειώνει τη δερματική δυσανεξία και την αίσθηση «τραβήγματος».;Δερματολογικά ελεγμένο;;;;;;Περιποίηση Προσώπου;5202888228346;;frezyderm/ac-norm-micellar-water-5202888228346.jpg;https://www.frezyderm.gr/proionta-peripoiisis-prosopou/proionta-katharismou-liparou-dermatos-me-tash-akmhs/ac-norm-micellar-water-calming-lotion/;frezyderm.gr;Ακριβές (GTIN)
Frezyderm Ac-Norm Normalizing Lotion;;13,24;22,20;Εξισορροπιστική και ρυθμιστική λοσιόν για την περιποίηση του λιπαρού και με τάση ακμής δέρματος. Ολοκληρώνει τον καθαρισμό, μειώνει τη λιπαρότητα και συσφίγγει τους πόρους, παρέχει σμηγματορρυθμιστική δράση και μειώνει τη δερματική δυσανεξία.;Δερματολογικά ελεγμένο;;;;;;Περιποίηση Προσώπου;5202888228339;;frezyderm/ac-norm-normalizing-lotion-5202888228339.jpg;https://www.frezyderm.gr/proionta-peripoiisis-prosopou/proionta-katharismou-liparou-dermatos-me-tash-akmhs/ac-norm-normalizing-lotion-proswpou/;frezyderm.gr;Ακριβές (GTIN)
Frezyderm Ac-Norm Peeling Gel;;11,55;19,34;Gel απολέπισης για την αποσυμφόρηση των πόρων και τη λείανση του λιπαρού, με τάση ακμής δέρματος. Οι κόκκοι Jojoba που περιέχει έχουν ένα καινοτόμο περίβλημα που τους προσδίδει ένα απόλυτα σφαιρικό σχήμα, έτσι ώστε να μην τραυματίζεται από τις αιχμές των κόκκων ακόμη και το ευαίσθητο δέρμα. Προσφέρει βαθύ καθαρισμό, απομακρύνει το σμήγμα και τα μαύρα στίγματα, παρέχει βακτηριακή προστασία, αναζωογονεί και ενυδατώνει την επιδερμίδα;Δερματολογικά ελεγμένο;;;;;;Περιποίηση Προσώπου;5202888228094;;frezyderm/ac-norm-peeling-gel-5202888228094.jpg;https://www.frezyderm.gr/proionta-peripoiisis-prosopou/proionta-katharismou-liparou-dermatos-me-tash-akmhs/ac-norm-peeling-gel-apolepishs-proswpou/;frezyderm.gr;Αυτόματο
Frezyderm Ac-Norm Peeling Gel;;10,00;16,74;Gel απολέπισης για την αποσυμφόρηση των πόρων και τη λείανση του λιπαρού, με τάση ακμής δέρματος. Οι κόκκοι Jojoba που περιέχει έχουν ένα καινοτόμο περίβλημα που τους προσδίδει ένα απόλυτα σφαιρικό σχήμα, έτσι ώστε να μην τραυματίζεται από τις αιχμές των κόκκων ακόμη και το ευαίσθητο δέρμα. Προσφέρει βαθύ καθαρισμό, απομακρύνει το σμήγμα και τα μαύρα στίγματα, παρέχει βακτηριακή προστασία, αναζωογονεί και ενυδατώνει την επιδερμίδα;Δερματολογικά ελεγμένο;;;;;;Περιποίηση Προσώπου;5202888228353;;frezyderm/ac-norm-peeling-gel-5202888228353.jpg;https://www.frezyderm.gr/proionta-peripoiisis-prosopou/proionta-katharismou-liparou-dermatos-me-tash-akmhs/ac-norm-peeling-gel-apolepishs-proswpou/;frezyderm.gr;Ακριβές (GTIN)
Frezyderm Ac-Norm Peel-Off Mask;;11,88;19,89;Μάσκα καθαρισμού που απομακρύνει σμήγμα, νεκρά κύτταρα και μαύρα στίγματα, συσφίγγει τους πόρους και προσδίδει ματ όψη. Μάσκα καθαρισμού προσώπου;Δερματολογικά ελεγμένο;;;;;;Περιποίηση Προσώπου;5202888228360;;frezyderm/ac-norm-peel-off-mask-5202888228360.jpg;https://www.frezyderm.gr/proionta-peripoiisis-prosopou/proionta-katharismou-liparou-dermatos-me-tash-akmhs/proionta-peripoiisis-prosopouproionta-katharismou-liparou-dermatos-me-tash-akmhsac-norm-micellar-water-calming-lotion/;frezyderm.gr;Ακριβές (GTIN)
Frezyderm Ac-Norm Seb Adsorb Cream;;13,89;23,30;Εξειδικευμένη κρέμα κατά της γυαλάδας που προσφέρει άμεση προσρόφηση και ρύθμιση της λιπαρότητας του δέρματος. Προσροφά το περίσσιο σμήγμα, προσφέρει σμίκρυνση των πόρων, ενυδατώνει και προσδίδει ματ όψη (primer). Είναι ιδανική για την ανδρική επιδερμίδα.;Δερματολογικά ελεγμένο;;;;;;Περιποίηση Προσώπου;5202888228407;;frezyderm/ac-norm-seb-adsorb-cream-5202888228407.jpg;https://www.frezyderm.gr/proionta-peripoiisis-prosopou/kremes-gia-liparo-derma-me-tash-akmhs/ac-norm-seb-adsorb-cream-ekseidikeymenh-krema-proswpou/;frezyderm.gr;Ακριβές (GTIN)
Frezyderm Ac-Norm Spot Care;;7,98;13,36;Έγχρωμο τζελ ταχείας δράσης για εφαρμογή πάνω στα σπυράκια. Προσφέρει απολέπιση και διάνοιξη του πόρου, παρέχει βακτηριακή προστασία, ρυθμίζει την έκκριση σμήγματος και καλύπτει τις κοκκινίλες και τις δυσχρωμίες.;Δερματολογικά ελεγμένο;;;;;;Περιποίηση Προσώπου;5202888228469;;frezyderm/ac-norm-spot-care-5202888228469.jpg;https://www.frezyderm.gr/proionta-peripoiisis-prosopou/kremes-gia-liparo-derma-me-tash-akmhs/ac-norm-spot-care-gia-efarmogh-panw-sta-spyrakia/;frezyderm.gr;Ακριβές (GTIN)
Frezyderm Ac-Norm Spot Care;;7,50;12,55;Έγχρωμο τζελ ταχείας δράσης για εφαρμογή πάνω στα σπυράκια. Προσφέρει απολέπιση και διάνοιξη του πόρου, παρέχει βακτηριακή προστασία, ρυθμίζει την έκκριση σμήγματος και καλύπτει τις κοκκινίλες και τις δυσχρωμίες.;Δερματολογικά ελεγμένο;;;;;;Περιποίηση Προσώπου;5202888102349;;frezyderm/ac-norm-spot-care-5202888102349.jpg;https://www.frezyderm.gr/proionta-peripoiisis-prosopou/kremes-gia-liparo-derma-me-tash-akmhs/ac-norm-spot-care-gia-efarmogh-panw-sta-spyrakia/;frezyderm.gr;Αυτόματο
Frezyderm Ac-Norm Sun Screen Fluid ΜΑΤ Spf 50+;;15,93;26,70;Νέα, ανανεωμένη σύνθεση αντηλιακού προσώπου για το λιπαρό, με τάση ακμής δέρμα. Προσφέρει πολύ υψηλή προστασία ευρέος φάσματος (UVA, UVB, Μπλε Φως και IR ακτινοβολία). Εξαιρετικά ανάλαφρη, υγρή, μη λιπαρή υφή, χωρίς να αφήνει κέρινη αίσθηση που βαραίνει την επιδερμίδα. Εξισορροπεί την υπερβολική λιπαρότητα και προσφέρει ματ αποτέλεσμα. Το εκχύλισμα βλαστοκυττάρων Morinda Citrifolia που περιέχει, επαναφέρει το διαταραγμένο μικροβίωμα του δέρματος με ατέλειες, μειώνει το μέγεθος και την εικόνα των πόρων και ρυθμίζει την υπερβολική παραγωγή σμήγματος. Προσφέρει προστασία από το οξειδωτικό stress χάρη στη συνέργεια νεότερων αντηλιακών φίλτρων. Ανανεωμένο, με λευκή απόχρωση που δεν αφήνει λευκά σημάδια. Δεν αφήνει γυαλάδα.;;;;;;;Αντηλιακά;5202888400025;;frezyderm/ac-norm-sun-screen-fluid-spf-50-5202888400025.jpg;https://www.frezyderm.gr/adiliaka/adiliaka-prosopou/acnorm-sun-screen-fluid-mat-spf50-antiliako-gia-liparo-me-tasi-akmis-derma/;frezyderm.gr;Αυτόματο
Frezyderm Ac-Norm Sun Screen Fluid Tinted ΜΑΤ Spf 50+;;15,40;25,78;Νέα, ανανεωμένη σύνθεση επικαλυπτικού αντηλιακού προσώπου με χρώμα για το λιπαρό, με τάση ακμής δέρμα. Προσφέρει πολύ υψηλή προστασία ευρέος φάσματος (UVA, UVB, Μπλε Φως και IR ακτινοβολία). Το εκχύλισμα βλαστοκυττάρων Morinda Citrifolia που περιέχει, επαναφέρει το διαταραγμένο μικροβίωμα του δέρματος με ατέλειες, μειώνει το μέγεθος και την εικόνα των πόρων και ρυθμίζει την υπερβολική παραγωγή σμήγματος. Τεχνολογία Color Αdapt Προσφέρει υψηλή κάλυψη σε ερυθρότητα και ατέλειες με χρώμα που προσαρμόζεται και ταιριάζει σε κάθε τόνο επιδερμίδας. Έχει ultra ανάλαφρη, υγρή, μη λιπαρή υφή, χωρίς να αφήνει κέρινη αίσθηση που βαραίνει την επιδερμίδα και προσφέρει υψηλή κάλυψη και ματ αποτέλεσμα.;;;;;;;Αντηλιακά;5202888400131;;frezyderm/ac-norm-sun-screen-fluid-tinted-spf-50-5202888400131.jpg;https://www.frezyderm.gr/adiliaka/adiliaka-prosopou-me-xroma/acnorm-sun-screen-fluid-tinted-mat-spf50-antiliako-me-xroma/;frezyderm.gr;Αυτόματο
Frezyderm Ac-Norm Tinted Cream;;14,38;25,50;Έγχρωμη επικαλυπτική κρέμα για τις ατέλειες της επιδερμίδας. Χαρίζει χρωματική ομοιογένεια, ρυθμίζει την έκκριση του σμήγματος για ματ αποτέλεσμα και μειώνει τη δερματική δυσανεξία.;Δερματολογικά ελεγμένο;;;;;;Περιποίηση Προσώπου;5202888228414;;frezyderm/ac-norm-active-foam-plus-5202888228414.jpg;https://www.frezyderm.gr/proionta-peripoiisis-prosopou/kremes-gia-liparo-derma-me-tash-akmhs/ac-norm-tinted-cream-krema-proswpou-me-xrwma/;frezyderm.gr;Ακριβές (GTIN)
Frezyderm Ac-Norm Total Control Cream;;13,30;22,30;Εξειδικευμένη Κρέμα για το λιπαρό, με τάση ακμής δέρμα. Έχει ισχυρή εξισορροπιστική δράση, προσφέρει κερατόλυση και εξυγίανση των πόρων, παρέχει βακτηριακή προστασία, ρυθμίζει τη λιπαρότητα προσδίδοντας ματ όψη και βελτιώνει την υφή του δέρματος. Πρωτόκολλο In Vitro και Ex Vivo σε swabs εθελοντών με διαγνωσμένη από Δερματολόγο Ακμή στο Πρόσωπο.;Δερματολογικά ελεγμένο;;;;;;Περιποίηση Προσώπου;5202888228438;;frezyderm/ac-norm-total-control-cream-5202888228438.jpg;https://www.frezyderm.gr/proionta-peripoiisis-prosopou/kremes-gia-akmh/ac-norm-total-control-cream-symptwmata-akmhs/;frezyderm.gr;Αυτόματο
Frezyderm Active Block Spf 25;;14,50;24,27;Εξειδικευμένη αντιγηραντική κρέμα ημέρας με ενυδατικά συστατικά και αντηλιακή προστασία. Η ενισχυμένη σύνθεσή της με αντηλιακά φίλτρα UVA και UVB, υαλουρονικό οξύ και αντιγηραντικούς παράγοντες, αποτελεί την απόλυτα ολοκληρωμένη περιποίηση ενάντια στα πρώτα σημάδια γήρανσης. Προλαμβάνει τη δημιουργία των πρώτων ρυτίδων, λειαίνει τις λεπτές γραμμές και αποκαθιστά τη θαμπή όψη. Έτσι, η επιδερμίδα του προσώπου και του λαιμού διατηρείται λεία, σφικτή και νεανική. Με πλούσια, μη λιπαρή υφή που απορροφάται άμεσα. Δερματολογικά και Οφθαλμολογικά Ελεγμένη 17% Eνίσχυση επιδερμικών κυττάρων* Δείτε πως θα αποκτήσετε νεανική επιδερμίδα!;;;;;;;Περιποίηση Προσώπου;5202888271120;;frezyderm/active-block-spf-25-5202888271120.jpg;https://www.frezyderm.gr/proionta-peripoiisis-prosopou/kremes-prosopou/antigirantikes-kremes/active-antigirantiki-krema/;frezyderm.gr;Αυτόματο
Frezyderm Active Sun Screen Tinted Face Cream Spf 50+;;15,94;26,69;Μία καινοτόμος ενεργή αντηλιακή κρέμα προσώπου με χρώμα που προσφέρει ελαφριά κάλυψη. Η πρωτοποριακή 360ο σύνθεσή της εξασφαλίζει μία ολοκληρωμένη φροντίδα της επιδερμίδας, προσφέροντας: 1) πολύ υψηλή ηλιοπροστασία 2) ενυδάτωση μακράς δράσης 3) ισχυρή δράση ενάντια στη φωτο- και χρονο- γήρανση Χάρη στην τεχνολογία χρωματικής προσαρμογής Color Adapt Pigments, εξασφαλίζει τέλεια χρωματική ομοιογένεια σε κάθε τόνο επιδερμίδας, από τον πιο ανοιχτόχρωμο έως τον πιο σκουρόχρωμο. Επιπλέον, η σύνθεσή της είναι εμπλουτισμένη με Glycogen, έναν πολυσακχαρίτη θαλάσσιας προέλευσης, που προστατεύει από τις συνέπειες της έκθεσης στην ηλεκτρομαγνητική ακτινοβολία ενώ τα πολύτιμα φυτικά βλαστο­κύτταρα βαμβακιού δημιουργούν μία ασπίδα προστασίας από τα στερεά σωματίδια των ατμοσφαιρικών ρύπων.;;;;;;;Αντηλιακά;5202888400100;;frezyderm/active-sun-screen-tinted-face-cream-spf-50-5202888400100.jpg;https://www.frezyderm.gr/adiliaka/adiliaka-prosopou-me-xroma/active-egxrwmo-antiliako-energou-anthraka-me-polu-ipsili-prostasia/;frezyderm.gr;Για έλεγχο
Frezyderm Active Sun Screen Body Foundation Spf 30;;15,15;25,36;Ενεργό αντηλιακό make-up σώματος που καλύπτει δερματικές ατέλειες και δυσχρωμίες, προστατεύει από τις ευρυαγγείες και μειώνει την εμφάνισή τους. Η καινοτόμος 3in1 σύνθεσή του παρέχει στο δέρμα 3πλή φροντίδα: 1) υψηλή ηλιοπροστασία 2) ενυδάτωση μακράς δράσης 3) ισχυρή δράση ενάντια στη φωτο- και χρονο- γήρανση Επιπλέον, η τεχνολογία χρωματικής προσαρμογής Color Adapt Pigments που διαθέτει, εξασφαλίζει τέλεια χρωματική ομοιογένεια σε κάθε τόνο επιδερμίδας, από τον πιο ανοιχτόχρωμο έως τον πιο σκουρόχρωμο. Τέλος, η σύνθεσή του είναι εμπλουτισμένη με Glycogen, έναν πολυσακχαρίτη θαλάσσιας προέλευσης, που προστατεύει από τις συνέπειες της έκθεσης στην ηλεκτρομαγνητική ακτινοβολία ενώ τα πολύτιμα φυτικά βλαστο­κύτταρα βαμβακιού δημιουργούν μία ασπίδα προστασίας από τα στερεά σωματίδια των ατμοσφαιρικών ρύπων.;;;;;;;Αντηλιακά;5202888400063;;frezyderm/active-sun-screen-face-foundation-spf-30-5202888400063.jpg;https://www.frezyderm.gr/adiliaka/adiliaka-somatos/active-antiliako-make-up-gia-to-swma/;frezyderm.gr;Αυτόματο
Frezyderm Active Sun Screen Sensitive Face - Body Spf 50;;16,20;27,12;Μία υψηλή αντηλιακή προστασία για πρόσωπο και σώμα, κατάλληλη για το ευαίσθητο, αντιδραστικό δέρμα. Συνδυάζοντας 3 επαναστατικές καινοτομίες, καλύπτει την ανάγκη του δέρματος για ολική φροντίδα, εξασφαλίζοντας: 1) υψηλή ηλιοπροστασία 2) ενυδάτωση μακράς δράσης 3) ισχυρή δράση ενάντια στη φωτο- και χρονο- γήρανση Είναι ειδικά σχεδιασμένη ώστε να ενισχύει τη δερματική άμυνα στην ηλιακή και την ηλεκτρομαγνητική ακτινοβολία και να ρυθμίζει την ισορροπία του ευαίσθητου δέρματος. Επιπλέον, η σύνθεσή της είναι εμπλουτισμένη με Glycogen, έναν πολυσακχαρίτη θαλάσσιας προέλευσης, που προστατεύει από τις συνέπειες της έκθεσης στην ηλεκτρομαγνητική ακτινοβολία ενώ τα πολύτιμα φυτικά βλαστο­κύτταρα βαμβακιού δημιουργούν μία ασπίδα προστασίας από τα στερεά σωματίδια των ατμοσφαιρικών ρύπων. Με φωτοσταθερά φίλτρα νέας τεχνολογίας UVA/UVB/VIS/IR. Μόνο με φυσικά φίλτρα;Τοξικολογικό τεστ ασφάλειας;;;;;;Αντηλιακά;5202888400056;;frezyderm/active-sun-screen-sensitive-face-body-spf-50-5202888400056.jpg;https://www.frezyderm.gr/adiliaka/adiliaka-prosopou/active-antiliako-gia-egkuous-kai-euaisthito-derma-me-energo-anthraka/;frezyderm.gr;Αυτόματο
Frezyderm Active Sun Screen Face Cream Spf 30;;13,50;22,60;Μία πρωτοποριακή ενεργή αντηλιακή κρέμα προσώπου. Περιέχοντας μία επαναστατική φόρμουλα που συνενώνει 3 καινοτομίες σε 1, προσφέρει μία 360ο δερματική φροντίδα που περιλαμβάνει: 1) υψηλή ηλιοπροστασία 2) ενυδάτωση μακράς δράσης 3) ισχυρή δράση ενάντια στη φωτο- και χρονο- γήρανση Χάρη στην καινοτομία Detox Plant Charcoal (ενεργός άνθρακας) έχει ειδική μαύρη χρώση που υποδεικνύει την ακριβή περιοχή εφαρμογής του αντηλιακού (χωρίς να βάφει το δέρμα), εξασφαλίζοντας ομοιόμορφη επάλειψη και αποτελεσματικότερη ηλιοπροστασία ενώ παράλληλα έχει ισχυρή αποτοξινωτική δράση. Επιπλέον, η σύνθεσή της είναι εμπλουτισμένη με Glycogen, έναν πολυσακχαρίτη θαλάσσιας προέλευσης, που προστατεύει από τις συνέπειες της έκθεσης στην ηλεκτρομαγνητική ακτινοβολία ενώ τα πολύτιμα φυτικά βλαστο­κύτταρα βαμβακιού δημιουργούν μία ασπίδα προστασίας από τα στερεά σωματίδια των ατμοσφαιρικών ρύπων. Με φωτοσταθερά φίλτρα νέας τεχνολογίας UVA/UVB/VIS/IR.;;;;;;;Αντηλιακά;5202888400087;;frezyderm/sun-screen-velvet-face-spf-30-5202888400087.jpg;https://www.frezyderm.gr/adiliaka/adiliaka-prosopou/active-antiliako-me-energo-anthraka-upsili-prostasia/;frezyderm.gr;Αυτόματο
Frezyderm Active Sun Screen Face Cream Spf 50+;;14,00;23,44;Μία ενεργή αντηλιακή κρέμα προσώπου με καινοτόμο 3in1 σύνθεση που προσφέρει ολική φροντίδα στο δέρμα, παρέχοντας: 1) πολύ υψηλή ηλιοπροστασία 2) ενυδάτωση μακράς δράσης 3) ισχυρή δράση ενάντια στη φωτο- και χρονο- γήρανση Χάρη στην καινοτομία Detox Plant Charcoal (ενεργός άνθρακας) έχει ειδική μαύρη χρώση που υποδεικνύει την ακριβή περιοχή εφαρμογής του αντηλιακού (χωρίς να βάφει το δέρμα), εξασφαλίζοντας ομοιόμορφη επάλειψη και αποτελεσματικότερη ηλιοπροστασία ενώ παράλληλα έχει ισχυρή αποτοξινωτική δράση. Επιπλέον, η σύνθεσή της είναι εμπλουτισμένη με Glycogen, έναν πολυσακχαρίτη θαλάσσιας προέλευσης, που προστατεύει από τις συνέπειες της έκθεσης στην ηλεκτρομαγνητική ακτινοβολία ενώ τα πολύτιμα φυτικά βλαστο­κύτταρα βαμβακιού δημιουργούν μία ασπίδα προστασίας από τα στερεά σωματίδια των ατμοσφαιρικών ρύπων. Με φωτοσταθερά φίλτρα νέας τεχνολογίας UVA/UVB/VIS/IR. Με πλούσια, κρεμώδη, μη-λιπαρή υφή.;;;;;;;Αντηλιακά;5202888400094;;frezyderm/ac-norm-sun-screen-fluid-spf-50-5202888400094.jpg;https://www.frezyderm.gr/adiliaka/adiliaka-prosopou/active-antiliako-me-energo-anthraka-gia-polu-upsili-prostasia/;frezyderm.gr;Αυτόματο
Frezyderm Active Sun Screen Face Fluid Spf 50+;;14,60;24,44;Μία ενεργή υγρή αντηλιακή κρέμα προσώπου με μοναδική σύνθεση. Η προηγμένη της φόρμουλα συνενώνει 3 καινοτομίες σε 1 ώστε να καλύψει κάθε ανάγκη της επιδερμίδας, παρέχοντας: 1) πολύ υψηλή ηλιοπροστασία 2) ενυδάτωση μακράς δράσης 3) ισχυρή δράση ενάντια στη φωτο- και χρονο- γήρανση Χάρη στην καινοτομία Detox Plant Charcoal (ενεργός άνθρακας) έχει ειδική μαύρη χρώση που υποδεικνύει την ακριβή περιοχή εφαρμογής του αντηλιακού (χωρίς να βάφει το δέρμα), εξασφαλίζοντας ομοιόμορφη επάλειψη και αποτελεσματικότερη ηλιοπροστασία ενώ παράλληλα έχει ισχυρή αποτοξινωτική δράση. Επιπλέον, η σύνθεσή της είναι εμπλουτισμένη με Glycogen, έναν πολυσακχαρίτη θαλάσσιας προέλευσης, που προστατεύει από τις συνέπειες της έκθεσης στην ηλεκτρομαγνητική ακτινοβολία ενώ τα πολύτιμα φυτικά βλαστο­κύτταρα βαμβακιού δημιουργούν μία ασπίδα προστασίας από τα στερεά σωματίδια των ατμοσφαιρικών ρύπων. Με φωτοσταθερά φίλτρα νέας τεχνολογίας UVA/UVB/VIS/IR. Καθώς προστατεύει από την ερυθρότητα και τις ευρυαγγείες, αποτελεί ιδανική επιλογή για δυσανεκτικά δέρματα. Με λεπτόρρευστη, μη-λιπαρή υφή που αφήνει μία δροσερή αίσθηση στην επιδερμίδα. Με EcoSunPass* πιστοποίηση των αντηλιακών φίλτρων του προϊόντος, τα οποία δεν ρυπαίνουν και δεν επιβαρύνουν το περιβάλλον. *Μελέτη BASF The BASF EcoSun Pass Calculation.;;;;;;;Αντηλιακά;5202888400032;;frezyderm/ac-norm-sun-screen-fluid-spf-50-5202888400032.jpg;https://www.frezyderm.gr/adiliaka/adiliaka-prosopou/active-ugro-antiliako-me-energo-anthraka-polu-ipsili-prostasia/;frezyderm.gr;Αυτόματο
Frezyderm Active Sun Screen Face Foundation Spf 30;;14,30;23,94;Ενεργό αντηλιακό make-up προσώπου που καλύπτει δερματικές ατέλειες και δυσχρωμίες, προστατεύει από τις ευρυαγγείες και μειώνει την εμφάνισή τους. Η 360ο σύνθεσή του εξασφαλίζει μία 3 σε 1 φροντίδα της επιδερμίδας, προσφέροντας: 1) υψηλή ηλιοπροστασία 2) ενυδάτωση μακράς δράσης 3) ισχυρή δράση ενάντια στη φωτο- και χρονο- γήρανση Επιπλέον, η τεχνολογία χρωματικής προσαρμογής, Color Adapt Pigments, εξασφαλίζει τέλεια χρωματική ομοιογένεια σε κάθε τόνο επιδερμίδας, από τον πιο ανοιχτόχρωμο έως τον πιο σκουρόχρωμο. Επιπλέον, η σύνθεσή του είναι εμπλουτισμένη με Glycogen, έναν πολυσακχαρίτη θαλάσσιας προέλευσης, που προστατεύει από τις συνέπειες της έκθεσης στην ηλεκτρομαγνητική ακτινοβολία ενώ τα πολύτιμα φυτικά βλαστο­κύτταρα βαμβακιού δημιουργούν μία ασπίδα προστασίας από τα στερεά σωματίδια των ατμοσφαιρικών ρύπων.;;;;;;;Αντηλιακά;5202888400070;;frezyderm/active-sun-screen-face-foundation-spf-30-5202888400070.jpg;https://www.frezyderm.gr/adiliaka/adiliaka-prosopou-me-xroma/active-antiliako-make-up/;frezyderm.gr;Αυτόματο
Frezyderm Active Sun Screen Lip Balm Spf 50+;;4,14;6,90;Μία ενεργή αντηλιακή προστασία χειλιών με προηγμένη φόρμουλα που συνενώνει 3 καινοτομίες σε 1 εξασφαλίζοντας: 1) πολύ υψηλή ηλιοπροστασία που διαρκεί 2) ενυδάτωση μακράς δράσης 3) ισχυρή δράση ενάντια στη φωτο- και χρονο- γήρανση Περιέχει αντιοξειδωτικούς παράγοντες καθώς και φυτικά έλαια που προστατεύουν τα χείλη από την αφυδάτωση. Με φωτοσταθερά φίλτρα νέας τεχνολογίας UVA/UVB/VIS/IR;;;;;;;Αντηλιακά;5202888400018;;frezyderm/active-sun-screen-lip-balm-spf-50-5202888400018.jpg;https://www.frezyderm.gr/adiliaka/adiliaka-prosopou/active-antiliako-gia-xeili-me-energo-anthraka/;frezyderm.gr;Αυτόματο
Frezyderm Active Sun Screen Face Fluid Spf 50+;;15,10;25,28;Μία ενεργή υγρή αντηλιακή κρέμα προσώπου με μοναδική σύνθεση. Η προηγμένη της φόρμουλα συνενώνει 3 καινοτομίες σε 1 ώστε να καλύψει κάθε ανάγκη της επιδερμίδας, παρέχοντας: 1) πολύ υψηλή ηλιοπροστασία 2) ενυδάτωση μακράς δράσης 3) ισχυρή δράση ενάντια στη φωτο- και χρονο- γήρανση Χάρη στην καινοτομία Detox Plant Charcoal (ενεργός άνθρακας) έχει ειδική μαύρη χρώση που υποδεικνύει την ακριβή περιοχή εφαρμογής του αντηλιακού (χωρίς να βάφει το δέρμα), εξασφαλίζοντας ομοιόμορφη επάλειψη και αποτελεσματικότερη ηλιοπροστασία ενώ παράλληλα έχει ισχυρή αποτοξινωτική δράση. Επιπλέον, η σύνθεσή της είναι εμπλουτισμένη με Glycogen, έναν πολυσακχαρίτη θαλάσσιας προέλευσης, που προστατεύει από τις συνέπειες της έκθεσης στην ηλεκτρομαγνητική ακτινοβολία ενώ τα πολύτιμα φυτικά βλαστο­κύτταρα βαμβακιού δημιουργούν μία ασπίδα προστασίας από τα στερεά σωματίδια των ατμοσφαιρικών ρύπων. Με φωτοσταθερά φίλτρα νέας τεχνολογίας UVA/UVB/VIS/IR. Καθώς προστατεύει από την ερυθρότητα και τις ευρυαγγείες, αποτελεί ιδανική επιλογή για δυσανεκτικά δέρματα. Με λεπτόρρευστη, μη-λιπαρή υφή που αφήνει μία δροσερή αίσθηση στην επιδερμίδα. Με EcoSunPass* πιστοποίηση των αντηλιακών φίλτρων του προϊόντος, τα οποία δεν ρυπαίνουν και δεν επιβαρύνουν το περιβάλλον. *Μελέτη BASF The BASF EcoSun Pass Calculation.;;;;;;;Αντηλιακά;5202888400049;;frezyderm/ac-norm-sun-screen-fluid-spf-50-5202888400049.jpg;https://www.frezyderm.gr/adiliaka/adiliaka-prosopou/active-ugro-antiliako-me-energo-anthraka-polu-ipsili-prostasia/;frezyderm.gr;Αυτόματο
Frezyderm After Sun Mousse 150ml;;12,96;21,70;Προϊόν Frezyderm — FREZYDERM After Sun Mousse 150ml;;;;;;;Διάφορα;5202888102226;;frezyderm/sun-screen-mousse-spf-30-5202888102226.jpg;;;Χωρίς σελίδα
Frezyderm Age Repair Set;;24,00;40,18;Σύστημα αντιγήρανσης και επανόρθωσης της επιδερμίδας που αποτελεί ένα πραγματικό ελιξίριο νεότητας. Προσφέρει αυτό ακριβώς που χρειάζεται η ώριμη επιδερμίδα, αύξηση της σύνθεσης κολλαγόνου, διέγερση του πολλαπλασιασμού των κυττάρων, επανόρθωση από τα σημάδια φωτογήρανσης, μείωση των κηλίδων και προστασία από τις ελεύθερες ρίζες. Μια εξαιρετική κούρα ομορφιάς που χαρίζει ελαστική, σφριγηλή και χωρίς τα σημάδια του χρόνου επιδερμίδα. Δερματολογικά Ελεγμένo;;;;;;;Περιποίηση Προσώπου;5202888271168;;frezyderm/age-repair-set-5202888271168.jpg;https://www.frezyderm.gr/proionta-peripoiisis-prosopou/kremes-prosopou/antigirantikes-kremes/age-repair-set-agwgh-antighranshs/;frezyderm.gr;Ακριβές (GTIN)
Frezyderm Anti - Age Shampoo 200ml;;8,61;14,41;Προϊόν Frezyderm — FREZYDERM Anti - Age Shampoo 200ml;;;;;;;Διάφορα;5202888105166;;;;;Χωρίς σελίδα
Frezyderm Anti-Ageing Body Cream;;12,00;20,09;Αντιγηραντική κρέμα σώματος, που προσφέρει ενισχυμένη ενυδάτωση, μείωση των κηλίδων και προστασία από τις ελεύθερες ρίζες, χάρη στο εκχύλισμα Κουρκουμά που περιέχει το οποίο παρέχει 5 φορές μεγαλύτερη αντιοξειδωτική προστασία από τη Βιταμίνη Ε. Η πλούσια σύνθεσή της αποτελεί μια πηγή εντατικής φροντίδας και θρέψης της επιδερμίδας του σώματος. Από την πρώτη εφαρμογή θα νιώσετε το δέρμα σας βελούδινο και ελαστικό, ενώ με τη συστηματική χρήση θα είναι ορατά πιο σφικτό, νεανικό και λαμπερό. Με πλούσια, μη λιπαρή υφή που απορροφάται άμεσα και σας επιτρέπει να ντυθείτε αμέσως.;Δερματολογικά ελεγμένο;;;;;;Περιποίηση Σώματος;5202888271137;;frezyderm/anti-ageing-body-cream-5202888271137.jpg;https://www.frezyderm.gr/peripoiisi-somatos/galaktomata-somatos/anti-ageing-body-cream-antighrantiko-galaktwma-swmatos/;frezyderm.gr;Ακριβές (GTIN)
Frezyderm Anti-Thermal Spring Sea Water Mist;;10,83;18,13;Καταπραϋντικό νερό που δροσίζει άμεσα την καταπονημένη από τον ήλιο επιδερμίδα. Η ανανεωμένη σύνθεσή του είναι εμπλουτισμένη με Spring Sea Water που αντλείται από τη γαλλική Βρετάνη. Διαθέτει ισχυρές αντιγηραντικές ιδιότητες και προσφέρει αποτελεσματική ενυδάτωση ενώ παράλληλα προστατεύει το δέρμα από το οξειδωτικό stress. Ταυτόχρονα, ενισχύει το δερματικό φραγμό ο οποίος αποδυναμώνεται από την αύξηση της θερμοκρασίας και την υπερβολική έκθεση στον ήλιο ενώ παρέχει προστασία των δερματικών κυττάρων. Ενισχύει το δίκτυο κολλαγόνου και την ελαστίνη, προστατεύει την επιδερμίδα από τις ελεύθερες ρίζες ενώ μειώνει τα ορατά σημεία φωτογήρανσης. Σε καινοτόμο airless συσκευασία με ειδική βαλβίδα που εξασφαλίζει ομοιόμορφο συνεχή ψεκασμό για εύκολη εφαρμογή.;;;;;;;Αντηλιακά;5202888222368;;frezyderm/anti-thermal-spring-sea-water-mist-5202888222368.jpg;https://www.frezyderm.gr/adiliaka/sprei-nerou/sprei-nerou-gia-ton-ilio/;frezyderm.gr;Ακριβές (GTIN)
Frezyderm Anticort Cream Κρέμα Στεροειδούς Δράσης Χωρίς Κορτιζόνη, 50ml;;10,82;18,10;Κρέμα Στεροειδούς Δράσης για χρήση αντί κορτιζόνης, που μειώνει τη φλεγμονή και τον ερεθισμό, ενισχύει το δερματι;;;;;;;Διάφορα;5202888102936;;frezyderm/anticort-cream-50ml-ofarmakopoiosmou-gr-5202888102936.png;https://www.ofarmakopoiosmou.gr/frezyderm-anticort-cream-krema-steroeidoys-drasis-horis-kortizoni-50ml;ofarmakopoiosmou.gr;Χωρίς σελίδα
Frezyderm Anticort Ointment;;10,54;17,64;Αλοιφή Εναλλακτικής Στεροειδούς Δράσης Μιμείται τα οφέλη των κορτικοστεροειδών Δεν περιέχει φαρµακευτικές δραστικές ουσίες Επικουρεί τη φαρμακευτική αγωγή. Φόρμουλα Υψηλού Λειτουργικού Λιπιδικού Περιεχομένου αποκαθιστά τον διαταραγμένο επιδερμικό φραγμό και βελτιώνει τη δερματική απόκριση. Δημιουργεί ένα λιπαρό υμένιο προστασίας έναντι των εξωγενών ερεθιστικών παραγόντων που πυροδοτούν τα συμπτώματα του εκζέματος;Κατάλληλο για ομοιοπαθητική αγωγή · Χωρίς πρόσθετο χρώμα, άρωμα, parabens · Συνιστάται από δερματολόγους, παιδιάτρους και παθολόγους;;;;;;Έκζεμα / Ατοπική Δερματίτιδα;5202888261091;;frezyderm/anticort-ointment-5202888261091.jpg;https://www.frezyderm.gr/ekzema-atopikh-dermatitida/anticort-ointment-aloifh-steroeidous-drashs/;frezyderm.gr;Αυτόματο
Frezyderm Antidandruff Shampoo;;9,62;16,11;Σαμπουάν με εξειδικευμένη σύνθεση για την αντιμετώπιση της λιπαρής πιτυρίδας. Ρυθμίζει την έκκριση σμήγματος, μειώνει σημαντικά τις ανεπιθύμητες συνέπειες της λιπαρής πιτυρίδας, όπως ο κνησμός και η ερυθρότητα, χάρη στα φυτικά εκχυλίσματα και το σαλικυλικό οξύ που περιέχει και προσφέρει μαλλιά υγιή και με όγκο. Ουδέτερο pH.;Μελέτες αποτελεσματικότητας · Μελέτες αξιολόγησης ασφάλειας;;;;;;Περιποίηση Μαλλιών;5202888102011;;frezyderm/anti-dandruff-shampoo-200ml-5202888102011.jpg;https://www.frezyderm.gr/peripoiisi-mallion/sampouan/sampouan-gia-thn-piturida/antidandruff-shampoo-gia-liparh-piturida/;frezyderm.gr;Αυτόματο
Frezyderm Antidandruff Shampoo;;10,33;17,30;Σαμπουάν με εξειδικευμένη σύνθεση για την αντιμετώπιση της λιπαρής πιτυρίδας. Ρυθμίζει την έκκριση σμήγματος, μειώνει σημαντικά τις ανεπιθύμητες συνέπειες της λιπαρής πιτυρίδας, όπως ο κνησμός και η ερυθρότητα, χάρη στα φυτικά εκχυλίσματα και το σαλικυλικό οξύ που περιέχει και προσφέρει μαλλιά υγιή και με όγκο. Ουδέτερο pH.;Μελέτες αποτελεσματικότητας · Μελέτες αξιολόγησης ασφάλειας;;;;;;Περιποίηση Μαλλιών;5202888105050;;frezyderm/antidandruff-shampoo-5202888105050.jpg;https://www.frezyderm.gr/peripoiisi-mallion/sampouan/sampouan-gia-thn-piturida/antidandruff-shampoo-gia-liparh-piturida/;frezyderm.gr;Ακριβές (GTIN)
Frezyderm Antioxidant Radiation Guard Spf 50+;;16,50;27,62;Ενεργή αντηλιακή κρέμα με πολύ υψηλό δείκτη προστασίας που προλαμβάνει και βελτιώνει τις δυσχρωμίες. Περιέχει φωτοσταθερά φίλτρα νέας γενιάς για ισχυρή προστασία από τη UVA II, UVA I (που σχετίζεται με την εμφάνιση κηλίδων) και τη UVB ακτινοβολία. Παράλληλα, η προηγμένη σύνθεσή του ενισχύει την άμυνα της επιδερμίδας απέναντι στην ορατή ακτινοβολία (VIS), συμπεριλαμβανομένου του μπλε φωτός που εκπέμπεται από τις οθόνες των ηλεκτρονικών συσκευών, καθώς και απέναντι στην υπέρυθρη ακτινοβολία (ΙR). Οι εξειδικευμένοι λευκαντικοί παράγοντες μειώνουν άμεσα και ορατά τις δυσχρωμίες, επαναφέροντας τον χρωματικό τόνο για φωτεινό, αψεγάδιαστο τόνο. Επιπλέον τα πολύτιμα αντιοξειδωτικά ενεργά προστατεύουν τους μηχανισμούς αυτοεπιδιόρθωσης του δέρματος από το οξειδωτικό στρες. Άμεση μείωση της μελανογένεσης σε μόλις 4 ημέρες* -10% δυσχρωμίες σε 28 ημέρες*;;;;;;;Εξειδικευμένη Φροντίδα;5202888271663;;frezyderm/antioxidant-radiation-guard-spf-50-5202888271663.jpg;https://www.frezyderm.gr/proionta-peripoihshs-ekseidikeumenh-frontida/antiokseidwtikh-krema/antioxidant-radiation-guard/;frezyderm.gr;Αυτόματο
Frezyderm Anti-Wrinkle Rich Day Cream;;23,10;38,70;Αντιρυτιδική κρέμα ημέρας με πλούσια, μη λιπαρή υφή, που προσφέρει συσφικτική και επανορθωτική περιποίηση. Με καινοτόμο φόρμουλα που ''γεμίζει'' τις ρυτίδες από τις πρώτες ημέρες εφαρμογής, επανορθώνει την επιδερμίδα, βελτιώνει το περίγραμμα του προσώπου και προλαμβάνει τα σημάδια της φωτογήρανσης. Παράλληλα, προστατεύει τα βλαστοκύτταρα από τη φθορά και τα ενεργοποιεί για την παραγωγή λιπιδίων και πρωτεϊνών που ''γεμίζουν'' τις ρυτίδες από μέσα. Έτσι, η επιδερμίδα επανακτά τη χαμένη λάμψη, την ομοιομορφία και τη νεανική και φρέσκια όψη της. Δερματολογικά Ελεγμένη 71% Λιγότερες ρυτίδες* 60% Βελτίωση τραχύτητας δέρματος* 50% Μείωση βάθους ρυτίδων*;;;;;;;Περιποίηση Προσώπου;5202888271038;;frezyderm/anti-wrinkle-rich-day-cream-5202888271038.jpg;https://www.frezyderm.gr/proionta-peripoiisis-prosopou/kremes-prosopou/antigirantikes-kremes/antirutidiki-krema-imeras/;frezyderm.gr;Αυτόματο
Frezyderm Anti-Wrinkle Eye Cream 15 Ml;;20,88;35,00;Προϊόν Frezyderm — FREZYDERM ANTI-WRINKLE EYE CREAM 15 ML;;;;;;;Διάφορα;5202888271052;;frezyderm/anti-wrinkle-rich-day-cream-5202888271052.jpg;;;Χωρίς σελίδα
Frezyderm Anti-Wrinkle Rich Night Cream;;24,17;40,46;Αντιρυτιδική κρέμα εξειδικευμένη να δρα κατά τη διάρκεια της νύχτας, τότε που τα κύτταρα της επιδερμίδας ανανεώνονται. Μειώνει την έκταση και το βάθος των ρυτίδων, επαναπροσδιορίζει το περίγραμμα του προσώπου και μιμείται τη δράση της ορμόνης νεότητας για την παραγωγή κολλαγόνου. Παράλληλα, προστατεύει τα βλαστοκύτταρα από τη φθορά και τα ενεργοποιεί για την παραγωγή λιπιδίων και πρωτεϊνών που ''γεμίζουν'' τις ρυτίδες από μέσα. Απλώστε τη σε πρόσωπο και λαιμό πριν τον ύπνο και αποκτήστε ξανά λαμπερή και αναζωογονημένη εμφάνιση. Με πλούσια, μη λιπαρή υφή που απορροφάται άμεσα. Δερματολογικά Ελεγμένη 71% Μείωση αριθμού ρυτίδων* 20% Μείωση βάθους ρυτίδων* 34% Αύξηση σύνθεσης κολλαγόνου*;;;;;;;Περιποίηση Προσώπου;5202888271045;;frezyderm/anti-wrinkle-rich-day-cream-5202888271045.jpg;https://www.frezyderm.gr/proionta-peripoiisis-prosopou/kremes-prosopou/antigirantikes-kremes/antirutidiki-krema-nuxtas/;frezyderm.gr;Αυτόματο
Frezyderm Aphthae Gel Adults;;7,60;12,70;Εξειδικευμένο ιατροτεχνολογικό προϊόν σε μορφή γέλης για χρήση μέσα στη στοματική κοιλότητα. Προσφέρει αποτελεσματική ανακούφιση του πόνου που σχετίζεται με την εμφάνιση στοματικών πληγών, όπως οι άφθες και οι μικροτραυματισμοί. Καθώς δημιουργεί ένα σταθερό, ενυδατικό φιλμ προστασίας στα σημεία που πάσχουν μέσα στη στοματική κοιλότητα, δρα ως φραγμός έναντι των μολυσματικών παραγόντων και ερεθισμών και ανακουφίζει από τον πόνο. Συνιστάται σε περιπτώσεις που παρουσιάζονται: αφθώδη έλκη αφθώδης στοματίτιδα στοματική καντιντίαση μικροτραυματισμοί, συμπεριλαμβανομένων εκείνων που προκαλούνται από ορθοδοντικoύς μηχανισμούς και οδοντοστοιχίες.;;;;;;;Στοματική Υγιεινή;5202888109690;;frezyderm/aphthae-gel-adults-5202888109690.jpg;https://www.frezyderm.gr/proionta-gia-th-stomatikh-ygieinh/proionta-stomatikhs-ygieinhs-gia-enhlikes/aphthae-gel-kataprayntiko-tzel-gia-afthes/;frezyderm.gr;Αυτόματο
Frezyderm Aqua Care Vaginal Cream 50Ml;;8,85;14,80;Προϊόν Frezyderm — FREZYDERM AQUA CARE VAGINAL CREAM 50ML;;;;;;;Διάφορα;5202888102882;;frezyderm/aqua-care-gel-5202888102882.jpg;;;Χωρίς σελίδα
Frezyderm Baby Laundry;;8,20;14,80;Υγρό απορρυπαντικό ειδικά σχεδιασμένο για βρεφικά ρούχα. Χάρη στο ουδέτερο pH φιλικό στο δέρμα και τη νέα ειδική υποαλλεργική και αντιερεθιστική σύνθεση, σέβεται τη φυσιολογία του λεπτού και εύθραυστου δέρματος του μωρού αλλά και το ευαίσθητο δέρμα με ατοπική προδιάθεση καθώς δεν προκαλεί ερεθισμό ή αλλεργία από την επαφή με ρούχα που πλύθηκαν με το Baby Laundry. Διαλύεται εύκολα και δεν αφήνει κατάλοιπα στα ρούχα. Το προϊόν ΔΕΝ ΦΕΡΕΙ ΕΠΙΣΗΜΑΝΣΗ ΚΙΝΔΥΝΟΥ σύμφωνα με τον Κανονισμό 1272/2008 EC (CLP).;;;;;;;Φροντίδα Μωρού;5202888229084;5202888229053;frezyderm/baby-laundry-5202888229084.jpg;https://www.frezyderm.gr/frontida-mwrou/brefika-aporrupantika/baby-laundry-brefiko-aporrupantiko/;frezyderm.gr;Ακριβές (GTIN)
Frezyderm Atoprel Barrier Cream;;12,65;21,18;Προστατευτική κρέμα για την περιποίηση της ξηρής, ευαίσθητης, εύθραυστης επιδερμίδας και με ατοπική προδιάθεση. Προσροφά την υγρασία που εγκλωβίζεται στις δερματικές πτυχώσεις και παρέχει βακτηριακή προστασία. - Αναλίπανση - Ενυδάτωση - Ενδυνάμωση δερματικού φραγμού - Προστασία Φόρμουλα διπλής καινοτομίας: - Οξείδιο του ψευδαργύρου & 20% Λειτουργικό Λιπιδικό Περιεχόμενο (F.L.C.) για προσρόφηση υγρασίας, αναλίπανση και βελτίωση ατοπικού δέρματος - 55% Μη Πτητικό Περιεχόμενο (N.V.C.) για μείωση της ξηρότητας Πρωτόκολλο In Vitro και Ex Vivo σε swabs εθελοντών με διαγνωσμένη από Δερματολόγο Ατοπική Δερματίτιδα σε Φάση Έξαρσης σε Τριχωτό και Σώμα.;;;;;;;Έκζεμα / Ατοπική Δερματίτιδα;5202888295003;5202888102400;frezyderm/atoprel-barrier-cream-5202888295003.png;https://www.frezyderm.gr/ekzema-atopikh-dermatitida/atoprel-barrier-cream-krema-proswpou-swmatos/;frezyderm.gr;Αυτόματο
Frezyderm Atoprel Bath Cream;;9,70;16,24;Κρεμώδες καθαριστικό πλούσιο σε φυτικά βούτυρα & έλαια για τον καθημερινό καθαρισμό της ξηρής, ευαίσθητης, εύθραυστης επιδερμίδας και με ατοπική προδιάθεση. Προσφέρει καθαρισμό και επιλίπανση του Υδρολιπιδικού μανδύα. Φόρμουλα υψηλής καινοτομίας με Ιδανικό Λειτουργικό Λιπιδικό Περιεχόμενο (20% F.L.C Functional Lipidic Content) που αποτρέπει τη διατάραξη του υδρολιπιδικού μανδύα και δεν επιβαρύνει το ξηρό με ατοπική προδιάθεση δέρμα. Πρωτόκολλο In Vitro και Ex Vivo σε swabs εθελοντών με διαγνωσμένη από Δερματολόγο Ατοπική Δερματίτιδα σε Φάση Έξαρσης σε Τριχωτό και Σώμα.;;;;;;;Έκζεμα / Ατοπική Δερματίτιδα;5202888102394;;frezyderm/atoprel-milky-bath-oil-5202888102394.jpg;https://www.frezyderm.gr/ekzema-atopikh-dermatitida/atoprel-bath-cream-eidiko-kremwdes-katharistiko/;frezyderm.gr;Αυτόματο
Frezyderm Atoprel Bath Cream;;10,33;17,29;Κρεμώδες καθαριστικό πλούσιο σε φυτικά βούτυρα & έλαια για τον καθημερινό καθαρισμό της ξηρής, ευαίσθητης, εύθραυστης επιδερμίδας και με ατοπική προδιάθεση. Προσφέρει καθαρισμό και επιλίπανση του Υδρολιπιδικού μανδύα. Φόρμουλα υψηλής καινοτομίας με Ιδανικό Λειτουργικό Λιπιδικό Περιεχόμενο (20% F.L.C Functional Lipidic Content) που αποτρέπει τη διατάραξη του υδρολιπιδικού μανδύα και δεν επιβαρύνει το ξηρό με ατοπική προδιάθεση δέρμα. Πρωτόκολλο In Vitro και Ex Vivo σε swabs εθελοντών με διαγνωσμένη από Δερματολόγο Ατοπική Δερματίτιδα σε Φάση Έξαρσης σε Τριχωτό και Σώμα.;;;;;;;Έκζεμα / Ατοπική Δερματίτιδα;5202888295010;;frezyderm/atoprel-milky-bath-oil-5202888295010.jpg;https://www.frezyderm.gr/ekzema-atopikh-dermatitida/atoprel-bath-cream-eidiko-kremwdes-katharistiko/;frezyderm.gr;Αυτόματο
Frezyderm Atoprel Emollient Baume;;17,25;28,88;Μαλακτική κρέμα για την περιποίηση της πολύ ξηρής, ευαίσθητης, εύθραυστης επιδερμίδας και με ατοπική προδιάθεση. Ένα βάλσαμο αναλίπανσης και ενυδάτωσης που συστήνεται σε φάσεις έξαρσης και τη χειμερινή περίοδο. Αραιώνει τη συχνότητα εμφάνισης έντονης ξηρότητας και βελτιώνει την τραχύτητα και την αίσθηση τραβήγματος. - Αναλίπανση - Ενδυνάμωση δερματικού φραγμού - Προστασία Φόρμουλα διπλής καινοτομίας: - 45% Λειτουργικό Λιπιδικό Περιεχόμενο (F.L.C.) για την αναλίπανση και βελτίωση του ξηρού με ατοπική προδιάθεση δέρματος - 60% Μη Πτητικό Περιεχόμενο (N.V.C.) για μείωση της διαδερμικής απώλειας υγρασίας Πρωτόκολλο In Vitro και Ex Vivo σε swabs εθελοντών με διαγνωσμένη από Δερματολόγο Ατοπική Δερματίτιδα σε Φάση Έξαρσης σε Τριχωτό και Σώμα.;;;;;;;Έκζεμα / Ατοπική Δερματίτιδα;5202888295041;;frezyderm/atoprel-emollient-baume-5202888295041.jpg;https://www.frezyderm.gr/ekzema-atopikh-dermatitida/atoprel-emollient-baume-malaktikh-krema/;frezyderm.gr;Αυτόματο
Frezyderm Atoprel Emollient Classic;;16,15;27,04;Μαλακτική κρέμα για την ανακούφιση του εκζέματος και των συμπτωμάτων της ατοπικής δερματίτιδας. Συμβάλλει στη μείωση της τάσης ξεσμού (ξυσίματος) που μηχανικά επιδεινώνει και επιβαρύνει την ξηρή επιδερμίδα. Κλινικά αποδεδειγμένη αποτελεσματικότητα. Ενδυνάµωση δερµατικού φραγµού Ενυδάτωση Αναλίπανση Προστασία Φόρµουλα 2πλής καινοτοµίας: Ορθά Επιλεγµένο Λειτουργικό Λιπιδικό Περιεχόµενο (25% F.L.C.-Functional Lipidic Content) για την ανακούφιση και τη βελτίωση του ξηρού δέρµατος µε εκζεµατοειδείς εξεργασίες. Μη Πτητικό Περιεχόµενο 35% για τη µηχανική υποκατάσταση του διαταραγµένου επιδερµικού φραγµού. Συνδυάζεται ιδανικά με τη Frezyderm Anticort Ointment. Πρωτόκολλο In Vitro και Ex Vivo σε swabs εθελοντών με διαγνωσμένη από Δερματολόγο Ατοπική Δερματίτιδα σε Φάση Έξαρσης σε Τριχωτό και Σώμα.;;;;;;;Έκζεμα / Ατοπική Δερματίτιδα;5202888295201;;frezyderm/atoprel-emollient-classic-5202888295201.png;https://www.frezyderm.gr/ekzema-atopikh-dermatitida/atoprel-emollient-classic-malaktikh-krema/;frezyderm.gr;Αυτόματο
Frezyderm Atoprel Emollient Baume;;15,06;21,70;Μαλακτική κρέμα για την περιποίηση της πολύ ξηρής, ευαίσθητης, εύθραυστης επιδερμίδας και με ατοπική προδιάθεση. Ένα βάλσαμο αναλίπανσης και ενυδάτωσης που συστήνεται σε φάσεις έξαρσης και τη χειμερινή περίοδο. Αραιώνει τη συχνότητα εμφάνισης έντονης ξηρότητας και βελτιώνει την τραχύτητα και την αίσθηση τραβήγματος. - Αναλίπανση - Ενδυνάμωση δερματικού φραγμού - Προστασία Φόρμουλα διπλής καινοτομίας: - 45% Λειτουργικό Λιπιδικό Περιεχόμενο (F.L.C.) για την αναλίπανση και βελτίωση του ξηρού με ατοπική προδιάθεση δέρματος - 60% Μη Πτητικό Περιεχόμενο (N.V.C.) για μείωση της διαδερμικής απώλειας υγρασίας Πρωτόκολλο In Vitro και Ex Vivo σε swabs εθελοντών με διαγνωσμένη από Δερματολόγο Ατοπική Δερματίτιδα σε Φάση Έξαρσης σε Τριχωτό και Σώμα.;;;;;;;Έκζεμα / Ατοπική Δερματίτιδα;5202888102370;;frezyderm/atoprel-emollient-baume-5202888102370.jpg;https://www.frezyderm.gr/ekzema-atopikh-dermatitida/atoprel-emollient-baume-malaktikh-krema/;frezyderm.gr;Αυτόματο
Frezyderm Atoprel Emollient Mousse;;15,18;25,00;Μαλακτικός αφρός για την περιποίηση της ξηρής ευαίσθητης, έυθραυστης επιδερμίδας με ατοπική προδιάθεση. Η Τεχνολογία αφρού εξασφαλίζει ομοιόμορφη διασπορά των δραστικών και σχηματίζει ένα ισοπαχές και συνεχές film στο δέρμα. Ως αφρός αναλίπανσης συστήνεται στις φάσεις ηπιότερων ατοπικών συμπτωμάτων και στην προ-χειμερινή και μετα-χειμερινή περίοδο. - Ενδυνάμωση δερματικού φραγμού - Αναλίπανση - Ενυδάτωση - Προστασία Φόρμουλα διπλής καινοτομίας: - 25% Λειτουργικό Λιπιδικό Περιεχόμενο (F.L.C.) για αναλίπανση και βελτίωση ξηρού δέρματος - Μη Πτητικό Περιεχόμενο (N.V.C.) για μείωση της ξηρότητας Πρωτόκολλο In Vitro και Ex Vivo σε swabs εθελοντών με διαγνωσμένη από Δερματολόγο Ατοπική Δερματίτιδα σε Φάση Έξαρσης σε Τριχωτό και Σώμα.;;;;;;;Έκζεμα / Ατοπική Δερματίτιδα;5202888295058;;frezyderm/atoprel-emollient-mousse-5202888295058.png;https://www.frezyderm.gr/ekzema-atopikh-dermatitida/atoprel-emollient-mousse-malaktikos-afros/;frezyderm.gr;Αυτόματο
Frezyderm Atoprel Foamy Shampoo;;9,50;15,90;Ειδικό σαμπουάν σε μορφή αφρού για τον καθημερινό καθαρισμό της ξηρής, ευαίσθητης, εύθραυστης επιδερμίδας και με ατοπική προδιάθεση - Αναλίπανση - Ενυδάτωση - Προστασία δερματικού φραγμού - Αφήνει τα μαλλιά λαμπερά και απαλά. Φόρμουλα διπλής καινοτομίας: - Αποτρέπει τη διατάραξη του υδρολιπιδικού μανδύα. - Μειωμένη τριβή κατά την εφαρμογή για την αποφυγή της μηχανικής καταπόνησης σε βρεγμένα μαλλιά Πρωτόκολλο In Vitro και Ex Vivo σε swabs εθελοντών με διαγνωσμένη από Δερματολόγο Ατοπική Δερματίτιδα σε Φάση Έξαρσης σε Τριχωτό και Σώμα.;;;;;;;Έκζεμα / Ατοπική Δερματίτιδα;5202888229046;;frezyderm/atoprel-foamy-shampoo-5202888229046.jpg;https://www.frezyderm.gr/ekzema-atopikh-dermatitida/atoprel-foamy-shampoo-eidiko-sampouan-se-morfh-afrou/;frezyderm.gr;Αυτόματο
Frezyderm Atoprel Foamy Shampoo;;10,07;16,86;Ειδικό σαμπουάν σε μορφή αφρού για τον καθημερινό καθαρισμό της ξηρής, ευαίσθητης, εύθραυστης επιδερμίδας και με ατοπική προδιάθεση - Αναλίπανση - Ενυδάτωση - Προστασία δερματικού φραγμού - Αφήνει τα μαλλιά λαμπερά και απαλά. Φόρμουλα διπλής καινοτομίας: - Αποτρέπει τη διατάραξη του υδρολιπιδικού μανδύα. - Μειωμένη τριβή κατά την εφαρμογή για την αποφυγή της μηχανικής καταπόνησης σε βρεγμένα μαλλιά Πρωτόκολλο In Vitro και Ex Vivo σε swabs εθελοντών με διαγνωσμένη από Δερματολόγο Ατοπική Δερματίτιδα σε Φάση Έξαρσης σε Τριχωτό και Σώμα.;;;;;;;Έκζεμα / Ατοπική Δερματίτιδα;5202888295027;;frezyderm/atoprel-foamy-shampoo-5202888295027.jpg;https://www.frezyderm.gr/ekzema-atopikh-dermatitida/atoprel-foamy-shampoo-eidiko-sampouan-se-morfh-afrou/;frezyderm.gr;Αυτόματο
Frezyderm Atoprel Milky Bath Oil;;11,92;19,96;Ειδικό λάδι για τον καθαρισμό και την αναλίπανση της ξηρής, ευαίσθητης επιδερμίδας και με ατοπική προδιάθεση. Ένα λάδι πλήρους ανάμειξης με το νερό που προσφέρει καθαρισμό, αναλίπανση και αποτρέπει την επαφή του νερού με τον διαταραγμένο επιδερμικό φραγμό. Εμπλουτίζει το νερό με λιπιδικό φορτίο. Ενισχύει και προστατεύει τον υδρολιπιδικό μανδύα της επιδερμίδας - Αναλίπανση - Ενυδάτωση - Ενδυνάμωση δερματικού φραγμού - Προστασία Φόρμουλα διπλής καινοτομίας: - 100% Λειτουργικό Λιπιδικό Περιεχόμενο (F.L.C.) για εμπλουτισμό του νερού με λιπιδικό φορτίο - 100% Μη Πτητικό Περιεχόμενο (N.V.C.) για ενίσχυση και προστασία του υδρολιπιδικού μανδύα Πρωτόκολλο In Vitro και Ex Vivo σε swabs εθελοντών με διαγνωσμένη από Δερματολόγο Ατοπική Δερματίτιδα σε Φάση Έξαρσης σε Τριχωτό και Σώμα.;;;;;;;Έκζεμα / Ατοπική Δερματίτιδα;5202888102387;;frezyderm/atoprel-milky-bath-oil-5202888102387.jpg;https://www.frezyderm.gr/ekzema-atopikh-dermatitida/atoprel-milky-bath-oil-enydatiko-ladi/;frezyderm.gr;Αυτόματο
Frezyderm Baby A.B.C.C.;;10,45;17,49;Μαλακτικό λάδι για την απομάκρυνση της νινίδας των βρεφών. Βελτιώνει την ατελή λειτουργία της βρεφικής επιδερμίδας χάρη στην εμπλουτισμένη σύνθεσή του με βιταμίνη Ε, μαλακώνει και απομακρύνει τη νινίδα, έχει αντιερεθιστική και αντισηπτική δράση και σέβεται την φυσιολογία του βρεφικού δέρματος. Η νινίδα είναι η υπερβολική έκκριση σμήγματος που προκαλείται από την έντονη δραστηριότητα των σμηγματογόνων αδένων. Εμφανίζεται με μεγάλες, λιπαρές κίτρινες πλάκες που αποκολλώνται δύσκολα από το κεφαλάκι και είναι ένα συχνό φαινόμενο που συνήθως παρουσιάζουν 2 στα 3 βρέφη. Για την αποκόλληση (απομάκρυνση) της νινίδας συστήνεται μαλακή τρίχινη βούρτσα και όχι ξύσιμο για την αποφυγή επιμολύνσεων και τραυματισμών.;Δερματολογικά ελεγμένο;;;;;;Φροντίδα Μωρού;5202888101151;;frezyderm/baby-a-b-c-c-5202888101151.jpg;https://www.frezyderm.gr/frontida-mwrou/brefika-kalluntika/baby-abcc-ladi-gia-ninida/;frezyderm.gr;Ακριβές (GTIN)
Frezyderm Baby Bath;;8,55;13,02;Απαλό αφρόλουτρο για το καθημερινό μπάνιο που σέβεται το pH, τη φυσιολογική δερματική χλωρίδα και τον δερματικό φραγμό του βρέφους. Χάρη στα ήπια επιφανειοδραστικά προσφέρει καθαρισμό χωρίς να προκαλεί ερεθισμούς. Η εμπλουτισμένη του σύνθεση με εστέρες από αμύγδαλο εξασφαλίζει την αναλίπανση της επιδερμίδας και τη διατήρηση ανέπαφου του δερματικού φραγμού. Παράλληλα, το εκχύλισμα χαμομηλιού προσφέρει αντιφλογιστική και αντιερεθιστική προστασία ενώ οι πρωτεΐνες σίτου με τις μαλακτικές και ενυδατικές ιδιότητες τους ενισχύουν τον υδρολιπιδικό μανδύα. Δερματολογικά και Οφθαλμολογικά Ελεγμένο;;;;;;;Φροντίδα Μωρού;5202888101137;;frezyderm/baby-bath-5202888101137.jpg;https://www.frezyderm.gr/frontida-mwrou/vrefika-afroloutra/baby-bath-vrefiko-afroloutro/;frezyderm.gr;Αυτόματο
Frezyderm Baby Bath;;8,55;12,30;Απαλό αφρόλουτρο για το καθημερινό μπάνιο που σέβεται το pH, τη φυσιολογική δερματική χλωρίδα και τον δερματικό φραγμό του βρέφους. Χάρη στα ήπια επιφανειοδραστικά προσφέρει καθαρισμό χωρίς να προκαλεί ερεθισμούς. Η εμπλουτισμένη του σύνθεση με εστέρες από αμύγδαλο εξασφαλίζει την αναλίπανση της επιδερμίδας και τη διατήρηση ανέπαφου του δερματικού φραγμού. Παράλληλα, το εκχύλισμα χαμομηλιού προσφέρει αντιφλογιστική και αντιερεθιστική προστασία ενώ οι πρωτεΐνες σίτου με τις μαλακτικές και ενυδατικές ιδιότητες τους ενισχύουν τον υδρολιπιδικό μανδύα. Δερματολογικά και Οφθαλμολογικά Ελεγμένο;;;;;;;Φροντίδα Μωρού;5202888221255;;frezyderm/baby-bath-5202888221255.jpg;https://www.frezyderm.gr/frontida-mwrou/vrefika-afroloutra/baby-bath-vrefiko-afroloutro/;frezyderm.gr;Ακριβές (GTIN)
Frezyderm Baby Chamomile Bath;;10,29;14,70;Λεπτόρρευστο διάλυμα για την ανακούφιση και περιποίηση του ευαίσθητου δέρματος. Είναι κατάλληλο για βρέφη, παιδιά ακόμα και ενήλικες που πάσχουν από έντονη ξηρότητα, κνίδωση, εξανθηματικές παιδικές ασθένειες και πάσης φύσεως ερεθισμούς. Η πρωτοποριακή σύνθεσή του από εκχύλισμα χαμομηλιού, αλόη και αντιφλογιστικά συστατικά ανακουφίζει το δέρμα από τους ερεθισμούς και τη φλόγωση, επουλώνει, καταπραΰνει την επιδερμίδα και προστατεύει από τις φλεγμονές. Βελτιώνει την λειτουργία της βρεφικής επιδερμίδας. Με ουδέτερο pH.;;;;;;;Φροντίδα Μωρού;5202888101120;;frezyderm/baby-chamomile-bath-5202888101120.jpg;https://www.frezyderm.gr/frontida-mwrou/brefika-kalluntika/baby-chamomile-bath-brefiko-kalluntiko/;frezyderm.gr;Ακριβές (GTIN)
Frezyderm Baby Cologne;;8,13;13,60;Ενυδατική βρεφική κολόνια για τον καθημερινό αρωματισμό και την περιποίηση του μωρού. Είναι απόλυτα ασφαλής για το ευαίσθητο δερματάκι του, διότι περιέχει υδροάρωμα (Hydro Essentials) και όχι άρωμα διαλυτό σε αλκοόλη, ενώ σέβεται τη φυσιολογία του βρεφικού δέρματος γιατί έχει συμβατό pH. Η προσεκτικά επιλεγμένη σύνθεσή του περιέχει εκχύλισμα χαμομηλιού για αντιφλογιστική και αντιερεθιστική δράση, αλλαντοΐνη που ελαχιστοποιεί τους ερεθισμούς και πανθενόλη που καταπραΰνει και προστατεύει το δέρμα. Δερματολογικά Ελεγμένη;;;;;;;Φροντίδα Μωρού;5202888102806;;frezyderm/baby-cologne-5202888102806.jpg;https://www.frezyderm.gr/frontida-mwrou/brefika-kalluntika/baby-cologne-brefiki-kolwnia/;frezyderm.gr;Ακριβές (GTIN)
Frezyderm Baby Cream;;10,10;16,91;Απαλή, προστατευτική και αδιάβροχη κρέμα καθημερινής περιποίησης για την αλλαγή της πάνας. Η σύνθεση της είναι ειδικά μελετημένη για τα βρέφη από την πρώτη μέρα της γέννησής τους και περιέχει ασφαλές ποσοστό οξειδίου του ψευδαργύρου, φαρμακευτικής καθαρότητας για δερματική προστασία χωρίς να παρεμποδίζει τη φυσιολογική αναπνοή του δέρματος. Η σύνθεση της είναι εμπλουτισμένη με χαμομηλέλαιο για καταπραϋντική και αντιφλογιστική δράση και με πανθενόλη για την ανάπλαση και επούλωση της επιδερμίδας. Με λεπτόρρευστη υφή που απλώνεται εύκολα και αφαιρείται πανεύκολα χωρίς τριβή, πριν την επόμενη επάλειψη, για να μην προκαλούνται τραυματισμοί στο ευαίσθητο δερματάκι.;Δερματολογικά ελεγμένο;;;;;;Φροντίδα Μωρού;5202888221187;;frezyderm/baby-cream-5202888221187.jpg;https://www.frezyderm.gr/frontida-mwrou/kremes-gia-sygkama/baby-cream-175-ml-krema-gia-sygkama/;frezyderm.gr;Αυτόματο
Frezyderm Baby Cream;;7,06;11,82;Απαλή, προστατευτική και αδιάβροχη κρέμα καθημερινής περιποίησης για την αλλαγή της πάνας. Η σύνθεση της είναι ειδικά μελετημένη για τα βρέφη από την πρώτη μέρα της γέννησής τους και περιέχει ασφαλές ποσοστό οξειδίου του ψευδαργύρου, φαρμακευτικής καθαρότητας για δερματική προστασία χωρίς να παρεμποδίζει τη φυσιολογική αναπνοή του δέρματος. Η σύνθεση της είναι εμπλουτισμένη με χαμομηλέλαιο για καταπραϋντική και αντιφλογιστική δράση και με πανθενόλη για την ανάπλαση και επούλωση της επιδερμίδας. Με λεπτόρρευστη υφή που απλώνεται εύκολα και αφαιρείται πανεύκολα χωρίς τριβή, πριν την επόμενη επάλειψη, για να μην προκαλούνται τραυματισμοί στο ευαίσθητο δερματάκι.;Δερματολογικά ελεγμένο;;;;;;Φροντίδα Μωρού;5202888101076;;frezyderm/baby-cream-5202888101076.jpg;https://www.frezyderm.gr/frontida-mwrou/kremes-gia-sygkama/baby-cream-50-ml-krema-gia-sygkama/;frezyderm.gr;Για έλεγχο
Frezyderm Baby Foam;;8,99;15,00;Απαλός αφρός καθαρισμού για την καθημερινή υγιεινή του βρεφικού δέρματος. Προσφέρει αποτελεσματικό καθαρισμό χωρίς ερεθισμούς και παράλληλα ενισχύει τον υδρολιπιδικό μανδύα δημιουργώντας μια ασπίδα προστασίας από εξωτερικούς παράγοντες. Τα ενυδατικά, μαλακτικά και αντιφλογιστικά συστατικά που περιέχει ενυδατώνουν, φροντίζουν και καταπραΰνουν το ευαίσθητο και ερεθισμένο δέρμα. Χάρη στην ειδική αντλία, ο αφρός είναι έτοιμος για να προσφέρει εύκολο, γρήγορο και αποτελεσματικό καθαρισμό. Δεν χρειάζεται τρίψιμο και σφουγγάρι και αφαιρείται πανεύκολα με ένα χαρτομάντιλο ή με νερό. Είναι ιδανικό για χρήση εκτός σπιτιού, σε περιπτώσεις τοπικού καθαρισμού, όπως για την αλλαγή πάνας και το πλύσιμο χεριών.;;;;;;;Φροντίδα Μωρού;5202888101144;;frezyderm/baby-foam-5202888101144.jpg;https://www.frezyderm.gr/frontida-mwrou/vrefika-afroloutra/baby-foam-afros-katharismou/;frezyderm.gr;Ακριβές (GTIN)
Frezyderm Baby Gums Gel;;6,19;10,40;Απαλό gel για την άμεση ανακούφιση των ερεθισμένων βρεφικών ούλων κατά την πρώτη οδοντοφυΐα. Δημιουργεί ένα φιλμ ενυδάτωσης και προστασίας γύρω από τα ούλα και τα δόντια που αναπτύσσονται, ανακουφίζοντας έτσι τον πόνο και τη δυσφορία που προκαλείται κατά την πρώτη οδοντοφυΐα.;;;;;;;Φροντίδα Μωρού;5202888221170;;frezyderm/baby-gums-gel-5202888221170.jpg;https://www.frezyderm.gr/frontida-mwrou/brefiki-stomatiki-ugieini/tzel-gia-oyla-dontia-brefous/baby-gums-gel-tzel-gia-oula-mwrwn/;frezyderm.gr;Αυτόματο
Frezyderm Baby Hydra Milk;;10,25;17,20;Ενυδατικό γαλάκτωμα κατάλληλο για το ξηρό και ευαίσθητο δέρμα. Με φυσιολογικούς ενυδατικούς παράγοντες για πλούσια και σε βάθος ενυδάτωση του δέρματος. Περιποιείται και μαλακώνει το δερματάκι του μωρού και προλαμβάνει την αφυδάτωση και την ξηροδερμία. Εμπλουτισμένο με πρωτεΐνες σιταριού για την ενίσχυση του υδρολιπιδικού μανδύα, που αφήνει ένα λεπτό στρώμα υδρολιπιδικής ισορροπίας για την προστασία της επιδερμίδας από ερεθισμούς. Παράλληλα, περιέχει εκχύλισμα χαμομηλιού για αντιφλογιστική και αντιερεθιστική δράση και αντιφλογιστικά συστατικά με επουλωτικές και καταπραϋντικές ιδιότητες. Νέα ΜΕΓΑΛΥΤΕΡΗ συσκευασία με πρακτική αντλία;Δερματολογικά ελεγμένο;;;;;;Φροντίδα Μωρού;5202888101090;;frezyderm/baby-hydra-milk-5202888101090.jpg;https://www.frezyderm.gr/frontida-mwrou/brefiko-galaktoma/baby-hydra-milk-brefiko-galaktwma/;frezyderm.gr;Αυτόματο
Frezyderm Baby Liquid Talc;;8,77;14,70;Κρέμα talc για την περιποίηση της βρεφικής επιδερμίδας. Σε αντίθεση με τα κοινά talc σε σκόνη, εφαρμόζεται με ακρίβεια στην επιθυμητή περιοχή χωρίς να αιωρούνται κόκκοι πούδρας, που ενδεχομένως να επικαθίσουν στους πνεύμονες και να επιβαρύνουν το αναπνευστικό του βρέφους. Επιπλέον, αποφεύγεται η εισχώρηση των κόκκων στο ουροποιητικό σύστημα, κατά τη χρήση στην μηρογεννητική περιοχή, που μπορεί να προκαλέσει λοιμώξεις. Περιέχει ταλκ φαρμακευτικής καθαρότητας που προσροφά την επιφανειακή υγρασία και αφήνει ένα λεπτό στρώμα προστασίας της επιδερμίδας από την επαφή με ερεθιστικούς παράγοντες. Είναι εμπλουτισμένο με εκχύλισμα χαμομηλιού και χαμομηλέλαιο για επούλωση και ανακούφιση από τη φλόγωση και τους ερεθισμούς. Επίσης, οι πρωτεΐνες από σιτάρι, που περιέχει, ενυδατώνουν, μαλακώνουν και ενισχύουν τον υδρολιπιδικό μανδύα του βρεφικού δέρματος.;Δερματολογικά ελεγμένο;;;;;;Φροντίδα Μωρού;5202888101106;;frezyderm/baby-liquid-talc-5202888101106.jpg;https://www.frezyderm.gr/frontida-mwrou/brefika-kalluntika/baby-liquid-talc-krema-talc/;frezyderm.gr;Ακριβές (GTIN)
Frezyderm Baby Oil;;8,77;14,70;Ελαφρά αρωματισμένο μαλακτικό λάδι, κατάλληλο για βρέφη, παιδιά και ενήλικες. Είναι ιδανικό για την καθημερινή περιποίηση και το μασάζ της βρεφικής επιδερμίδας. Προσφέρει προστασία και ανακούφιση από τους ερεθισμούς και τα συγκάματα χάρη στο χαμομηλέλαιο που περιέχει, ενώ παράλληλα σέβεται τη φυσιολογία του βρεφικού δέρματος και το προστατεύει από την αυξημένη διαδερμική απώλεια ύδατος και την αφυδάτωση. Η επιδερμίδα γίνεται μεταξένια και απαλή. Είναι λεπτόρρευστο και απορροφάται άμεσα, χωρίς να αφήνει καθόλου ίχνη λιπαρότητας.;Δερματολογικά ελεγμένο;;;;;;Φροντίδα Μωρού;5202888101113;;frezyderm/baby-oil-5202888101113.jpg;https://www.frezyderm.gr/frontida-mwrou/brefika-kalluntika/baby-oil-brefiko-ladi-masaz/;frezyderm.gr;Ακριβές (GTIN)
Frezyderm Baby Perioral ΟΙΝΤΜΕΝΤ;;10,48;16,70;Άνυδρη αλοιφή για την περιποίηση της ρινοστοματικής περιοχής. Είναι εμπλουτισμένη με εξειδικευμένα φυτικά έλαια που μειώνουν τους ερεθισμούς, την ερυθρότητα, και την ξηρότητα, προσφέρουν βακτηριακή προστασία και ενισχύουν τον επιδερμικό φραγμό. Η άνυδρη σύνθεσή της, της προσφέρει υψηλή παραμονή στο δέρμα και υψηλή ανθεκτικότητα στην υγρασία λόγω σιελόρροιας, χρήσης πιπίλας κ.λπ. ενώ παράλληλα προστατεύει τη μικροχλωρίδα του δέρματος στο σημείο από την ανάπτυξη μικροοργανισμών. Επιπλέον, η σύνθεσή της περιέχει ειδικούς παράγοντες προβιοτικής τεχνολογίας που δρουν ρυθμιστικά επί του δερματικού μικροβιώματος αλλά και άμυλο καλαμποκιού που προσροφά την υγρασία (η οποία επιδεινώνει τους ερεθισμούς) και διατηρεί στεγνή την περιοχή. Δερματολογικά ελεγμένη Ασφαλής σε περίπτωση κατάποσης;;;;;;;Φροντίδα Μωρού;5202888221194;;frezyderm/baby-perioral-5202888221194.jpg;https://www.frezyderm.gr/frontida-mwrou/brefiki-stomatiki-ugieini/baby-perioral-cream-brefiko-kalluntiko/;frezyderm.gr;Αυτόματο
Frezyderm Baby Perioral ΟΙΝΤΜΕΝΤ;;10,48;17,54;Άνυδρη αλοιφή για την περιποίηση της ρινοστοματικής περιοχής. Είναι εμπλουτισμένη με εξειδικευμένα φυτικά έλαια που μειώνουν τους ερεθισμούς, την ερυθρότητα, και την ξηρότητα, προσφέρουν βακτηριακή προστασία και ενισχύουν τον επιδερμικό φραγμό. Η άνυδρη σύνθεσή της, της προσφέρει υψηλή παραμονή στο δέρμα και υψηλή ανθεκτικότητα στην υγρασία λόγω σιελόρροιας, χρήσης πιπίλας κ.λπ. ενώ παράλληλα προστατεύει τη μικροχλωρίδα του δέρματος στο σημείο από την ανάπτυξη μικροοργανισμών. Επιπλέον, η σύνθεσή της περιέχει ειδικούς παράγοντες προβιοτικής τεχνολογίας που δρουν ρυθμιστικά επί του δερματικού μικροβιώματος αλλά και άμυλο καλαμποκιού που προσροφά την υγρασία (η οποία επιδεινώνει τους ερεθισμούς) και διατηρεί στεγνή την περιοχή. Δερματολογικά ελεγμένη Ασφαλής σε περίπτωση κατάποσης;;;;;;;Φροντίδα Μωρού;5202888238000;;frezyderm/baby-perioral-5202888238000.jpg;https://www.frezyderm.gr/frontida-mwrou/brefiki-stomatiki-ugieini/baby-perioral-cream-brefiko-kalluntiko/;frezyderm.gr;Αυτόματο
Frezyderm Baby Shampoo;;7,95;13,31;Απαλό σαμπουάν για το καθημερινό λούσιμο των βρεφών. Χάρη στην ειδική του σύνθεση καθαρίζει και περιποιείται απαλά τα μαλλάκια, ενώ παράλληλα οι πρωτεΐνες σίτου που περιέχει ενισχύουν τη δομή της τρίχας. Εμπλουτισμένο με εκχύλισμα χαμομηλιού για αντιφλογιστική και αντιερεθιστική δράση. Σέβεται τη φυσιολογία της βρεφικής επιδερμίδας προστατεύοντας το δερματικό φραγμό, το pH και την φυσιολογική δερματική χλωρίδα. Δερματολογικά και Οφθαλμολογικά ελεγμένο;;;;;;;Φροντίδα Μωρού;5202888101069;;frezyderm/baby-shampoo-5202888101069.jpg;https://www.frezyderm.gr/frontida-mwrou/brefika-sampouan/baby-shampoo-brefiko-sampouan/;frezyderm.gr;Αυτόματο
Frezyderm Baby Shampoo;;8,77;14,70;Απαλό σαμπουάν για το καθημερινό λούσιμο των βρεφών. Χάρη στην ειδική του σύνθεση καθαρίζει και περιποιείται απαλά τα μαλλάκια, ενώ παράλληλα οι πρωτεΐνες σίτου που περιέχει ενισχύουν τη δομή της τρίχας. Εμπλουτισμένο με εκχύλισμα χαμομηλιού για αντιφλογιστική και αντιερεθιστική δράση. Σέβεται τη φυσιολογία της βρεφικής επιδερμίδας προστατεύοντας το δερματικό φραγμό, το pH και την φυσιολογική δερματική χλωρίδα. Δερματολογικά και Οφθαλμολογικά ελεγμένο;;;;;;;Φροντίδα Μωρού;5202888221248;;frezyderm/baby-shampoo-5202888221248.jpg;https://www.frezyderm.gr/frontida-mwrou/brefika-sampouan/baby-shampoo-brefiko-sampouan/;frezyderm.gr;Ακριβές (GTIN)
Frezyderm Baby Sun Care Spf 25;;13,09;25,60;Αντηλιακό γαλάκτωμα προσώπου και σώματος για βρέφη, μόνο με φυσικά φίλτρα. Έχει σύνθεση εμπλουτισμένη με Βιταμίνη Ε και Πανθενόλη και είναι ειδικά σχεδιασμένη για να σέβεται τη φυσιολογία του ευαίσθητου βρεφικού δέρματος. Παράλληλα, θωρακίζει το DNA των κυττάρων του δέρματος και παρέχει προστασία από τις ελεύθερες ρίζες που προκαλούνται από εξωγενείς παράγοντες, όπως ο ήλιος και η ατμοσφαιρική ρύπανση. Είναι ανθεκτικό στο νερό και είναι ιδανικό για βρέφη και παιδιά, καθώς και για άτομα με ατοπική προδιάθεση ή/και δυσανεκτικά στα οργανικά φίλτρα.;;;;;;;Φροντίδα Μωρού;5202888221262;;frezyderm/baby-sun-care-spf-25-5202888221262.jpg;https://www.frezyderm.gr/frontida-mwrou/brefika-antiliaka/baby-sun-care-spf-25-brefiko-antiliako/;frezyderm.gr;Ακριβές (GTIN)
Frezyderm Baby Sun Care Spf 25;;11,42;19,11;Αντηλιακό γαλάκτωμα προσώπου και σώματος για βρέφη, μόνο με φυσικά φίλτρα. Έχει σύνθεση εμπλουτισμένη με Βιταμίνη Ε και Πανθενόλη και είναι ειδικά σχεδιασμένη για να σέβεται τη φυσιολογία του ευαίσθητου βρεφικού δέρματος. Παράλληλα, θωρακίζει το DNA των κυττάρων του δέρματος και παρέχει προστασία από τις ελεύθερες ρίζες που προκαλούνται από εξωγενείς παράγοντες, όπως ο ήλιος και η ατμοσφαιρική ρύπανση. Είναι ανθεκτικό στο νερό και είναι ιδανικό για βρέφη και παιδιά, καθώς και για άτομα με ατοπική προδιάθεση ή/και δυσανεκτικά στα οργανικά φίλτρα.;;;;;;;Φροντίδα Μωρού;5202888102363;;frezyderm/baby-sun-care-spf-25-5202888102363.jpg;https://www.frezyderm.gr/frontida-mwrou/brefika-antiliaka/baby-sun-care-spf-25-brefiko-antiliako/;frezyderm.gr;Αυτόματο
Frezyderm Bronze Water Color Mist 300ml;;12,00;20,09;Προϊόν Frezyderm — FREZYDERM Bronze Water Color Mist 300ml;;;;;;;Διάφορα;5202888222382;;frezyderm/anti-thermal-spring-sea-water-mist-5202888222382.jpg;;;Χωρίς σελίδα
Frezyderm Periodigum Chlorhexene Gel;;4,82;8,06;Gel τοπικής χρήσης με αποτελεσματική συγκέντρωση Χλωρεξιδίνης 0,2 % για την επικουρική αντιμετώπιση των προβλημάτων των ούλων (ουλίτιδα, περιδοντίτιδα). Εμπλουτισμένο με γαρυφαλέλαιο, ένα τοπικό φυσικό καταπραυντικό, χωρίς φαρμακευτικές ουσίες - Καταπολεμά τη μικροβιακή πλάκα - Προλαμβάνει πιθανές επιμολύνσεις - Συσφίγγει και ενυδατώνει και τα ούλα - Καταπραΰνει με φυσικό τρόπο;;;;;;;Στοματική Υγιεινή;5202888281082;;frezyderm/periodigum-chlorhexene-gel-5202888281082.jpg;https://www.frezyderm.gr/proionta-gia-th-stomatikh-ygieinh/proionta-stomatikhs-ygieinhs-gia-enhlikes/prostasia-apo-thn-periodontitida/periodigum-chlorhexene-gel/;frezyderm.gr;Ακριβές (GTIN)
Frezyderm Chlorhexene Pro Mouthwash;;6,94;11,62;Στοματικό διάλυμα με αποτελεσματική συγκέντρωση Χλωρεξιδίνης 0,2 % για την επικουρική αντιμετώπιση των προβλημάτων των ούλων (ουλίτιδα, περιδοντίτιδα) και κατάλληλο μετεγχειρητικά. Περιέχει ειδικά επιλεγμένο συνδυασμό δραστικών συστατικών ισχυρής αντιμικροβιακής δράσης. Καταπολεμά τη μικροβιακή πλάκα Προλαμβάνει πιθανές επιμολύνσεις Συσφίγγει και ενυδατώνει και τα ούλα;;;;;;;Στοματική Υγιεινή;5202888282041;;frezyderm/chlorhexene-pro-mouthwash-5202888282041.jpg;https://www.frezyderm.gr/proionta-gia-th-stomatikh-ygieinh/proionta-stomatikhs-ygieinhs-gia-enhlikes/prostasia-apo-thn-periodontitida/chlorhexene-pro-mouthwash-stomatiko-dialyma/;frezyderm.gr;Αυτόματο
Frezyderm Christialen Emulsion;;17,55;26,90;Ενυδατικό γαλάκτωμα σώματος για την καθημερινή περιποίηση και θρέψη του δέρματος. Ενυδατώνει άμεσα και σε βάθος την επιδερμίδα σας, αποκαθιστώντας το υδατικό ισοζύγιο, ενώ παράλληλα αποτελεί μια ασπίδα προστασίας από δυσμενείς περιβαλλοντικές συνθήκες. Με δροσερή λεπτόρρευστη και μη λιπαρή υφή που δεν αφήνει ίχνη λιπαρότητας και σας επιτρέπει να ντυθείτε αμέσως. Απλώστε το στην επιδερμίδα σας μετά το ντους και ζήστε την εμπειρία της μεταξένιας επιδερμίδας.;Δερματολογικά ελεγμένο;;;;;;Περιποίηση Σώματος;5202888271106;;frezyderm/christialen-emulsion-5202888271106.jpg;https://www.frezyderm.gr/peripoiisi-somatos/galaktomata-somatos/christialen-emulsion-enudatiko-galaktwma-swmatos-100/;frezyderm.gr;Αυτόματο
Frezyderm Frezymar Cleaner Hypertonic Strong;;6,96;11,65;Υπέρτονο ρινικό αποσυμφορητικό διάλυμα (2,2%NaCl) ισχυρής διάχυσης για τον καθαρισµό και την αποσυµφόρηση της ρινικής οδού. Το θαλασσινό νερό Frezymar Hypertonic συλλέγεται απευθείας από την ελεγχόµενη περιοχή του κόλπου Cancale στη Βρετάνη που είναι ευρέως γνωστή για την ποιότητα και την καθαρότητα των υδάτων της. Συμφόρηση Ρινίτιδα Ιγμορίτιδα PHARMALINK- Av. Universitat Autónoma 13, Parc Tecnològic del Vallès 08290 Cerdanyola del Vallès (Barcelona), Spain.;;;;;;;Αποσυμφορητικά Μύτης;5202888106149;;frezyderm/frezymar-cleaner-hypertonic-strong-5202888106149.jpg;https://www.frezyderm.gr/aposumforitika-mutis/rinika-sprei/frezymar-cleaner-riniko-aposumforhtiko-strong/;frezyderm.gr;Αυτόματο
Frezyderm Baby Coli Sleep Massage Gel;;9,08;13,60;Άνυδρη γέλη με γλυκερίνη και μαλακτικά έλαια αμυγδάλου, καλέντουλας και χαμομηλιού. Δημιουργεί απαλό ενυδατικό φιλμ στην κοιλίτσα του βρέφους που με ήπιες κυκλικές κινήσεις (απαλό μασάζ) προσφέρει ευχάριστη αίσθηση ζέστης και ηρεμίας. Αυξάνει τοπικά την θερμοκρασία του δέρματος έως και 1οC και ενισχύει το αποτέλεσμα της απλής τριβής. Τα κρύα πέλματα ενισχύουν την πιθανότητα κοιλιακής δυσφορίας. Συστήνεται απαλό μασάζ και στα πέλματα.;Δερματολογικά ελεγμένο;;;;;;Φροντίδα Μωρού;5202888221231;5202888238017;frezyderm/baby-coli-sleep-massage-gel-5202888221231.jpg;https://www.frezyderm.gr/frontida-mwrou/brefika-kalluntika/colic-relief-massage-gel-iga-kolikous-mwrou/;frezyderm.gr;Αυτόματο
Frezyderm Color Eye Balm;;14,52;26,40;Απαλή έγχρωμη κρέμα που καταπολεμά τους μαύρους κύκλους, τις σακούλες και τη θαμπή όψη της επιδερμίδας στην περιοχή γύρω από τα μάτια. Βελτιώνει τη μικροκυκλοφορία και παρεμποδίζει το σχηματισμό οιδήματος, συσφίγγει το δέρμα τοπικά και αυξάνει την ελαστικότητά του. Παράλληλα, μειώνει τις γραμμές και τις λεπτές ρυτίδες και προστατεύει από τη δερματική γήρανση. Με ελαφρύ χρώμα που προσαρμόζεται στον τόνο κάθε επιδερμίδας για φυσική κάλυψη και ομοιόμορφο, φωτεινό αποτέλεσμα. Αποκτήστε αμέσως ένα αναζωογονημένο, ξεκούραστο και λαμπερό βλέμμα. Με λεπτόρρευστη, δροσερή υφή που απορροφάται άμεσα. Δερματολογικά και Οφθαλμολογικά Ελεγμένη;;;;;;;Περιποίηση Προσώπου;5202888271670;5202888271070;frezyderm/color-eye-balm-5202888271670.jpg;https://www.frezyderm.gr/proionta-peripoiisis-prosopou/proionta-peripoihshs-matiwn/egxrwmi-krema-gia-sakoules-sta-matia/;frezyderm.gr;Αυτόματο
Frezyderm Color Protect Shampoo 200ml;;8,12;12,72;Προϊόν Frezyderm — FREZYDERM Color Protect Shampoo 200ml;;;;;;;Διάφορα;5202888105142;;;;;Χωρίς σελίδα
Frezyderm Color Protect Spray 100ml;;7,26;12,15;Προϊόν Frezyderm — FREZYDERM Color Protect Spray 100ml;;;;;;;Διάφορα;5202888105159;;frezyderm/baby-sun-care-spf-50-100ml-50ml-5202888105159.jpg;;;Χωρίς σελίδα
Frezyderm Up Confidence Bust Recovery Cream Gel;;14,10;23,60;Κρέμα-τζελ που επαναφέρει τον όγκο και το σχήμα του στήθους και των γλουτών, μετά από εγκυμοσύνη, θηλασμό ή παρατεταμένη δίαιτα, ιδανική για το πεσμένο και το ατροφικό στήθος. Προσφέρει σύσφιγξη και ανόρθωση, αυξάνοντας την παραγωγή κολλαγόνου, λιπογένεση για φυσικό γέμισμα, ενυδάτωση και τονικότητα στο σημείο για αισθητό αποτέλεσμα σφριγηλότητας. Αποτελεσματική δράση +215% λιπογένεση ¹ +350% κολλανογένεση² +146% σύνθεση υαλουρονικού οξέος² +35,9% ελαστικότητα³;;;;;;;Περιποίηση Σώματος;5202888227240;;frezyderm/up-confidence-bust-recovery-cream-gel-5202888227240.jpg;https://www.frezyderm.gr/peripoiisi-somatos/krema-anorthosis-stithous/confidence-up-bust-recovery-cream-gel-krema-anorthwshs-sththous/;frezyderm.gr;Αυτόματο
Frezyderm Cough Syrup Adults;;8,40;14,05;Το FREZYDERM COUGH SYRUP ADULTS είναι ένα σιρόπι που έχει σχεδιαστεί για την αντιμετώπιση κάθε μορφής βήχα που συνδέεται με το κρυολόγημα, τόσο του ξηρού όσο και του παραγωγικού βήχα. Λειτουργεί σαν βάλσαμο που καταπραΰνει τον ερεθισμένο λαιμό. Στην περίπτωση του ξηρού βήχα: ανακουφίζει τον ερεθισμένο βλεννογόνο του φάρυγγα και τον προστατεύει από ερεθιστικούς παράγοντες και παθογόνους μικροοργανισμούς, φροντίζοντας για τη λίπανση και την ενυδάτωσή του. Στην περίπτωση του παραγωγικού βήχα: προσφέρει ενυδάτωση και ρευστοποιεί τη βλέννα διευκολύνοντας την απόχρεμψή της. Έτσι, το FREZYDERM COUGH SYRUP ADULTS παρέχει ανακούφιση, ενυδάτωση και προστασία του ανώτερου αναπνευστικού συστήματος, καθώς ρυθμίζει τον βήχα χωρίς να τον καταστέλλει, με σεβασμό στην αμυντική λειτουργία του για το αναπνευστικό σύστημα. Ο ευκάλυπτος και το λεμόνι συμβάλλουν στην αίσθηση ανακούφισης και φρεσκάδας ενώ το μέλι χαρίζει ευχάριστη γεύση. PHARMALINK- Av. Universitat Autónoma 13, Parc Tecnològic del Vallès 08290 Cerdanyola del Vallès (Barcelona), Spain.;;;;;;;Σιρόπια για τον Βήχα;5202888331008;;frezyderm/cough-syrup-adults-5202888331008.jpg;https://www.frezyderm.gr/siropia-gia-ton-bhxa/cough-syrup-adults-siropi-gia-ton-bhxa/;frezyderm.gr;Αυτόματο
Frezyderm Cough Syrup Kids;;8,40;14,05;Το FREZYDERM COUGH SYRUP KIDS είναι ένα σιρόπι που έχει σχεδιαστεί για την αντιμετώπιση κάθε μορφής βήχα που συνδέεται με το κρυολόγημα, τόσο του ξηρού όσο και του παραγωγικού βήχα. Λειτουργεί σαν βάλσαμο που καταπραΰνει τον ερεθισμένο λαιμό. Στην περίπτωση του ξηρού βήχα: ανακουφίζει τον ερεθισμένο βλεννογόνο του φάρυγγα και τον προστατεύει από ερεθιστικούς παράγοντες και παθογόνους μικροοργανισμούς, φροντίζοντας για τη λίπανση και την ενυδάτωσή του. Στην περίπτωση του παραγωγικού βήχα: προσφέρει ενυδάτωση και ρευστοποιεί τη βλέννα διευκολύνοντας την απόχρεμψή της. Έτσι, το FREZYDERM COUGH SYRUP KIDS παρέχει ανακούφιση, ενυδάτωση και προστασία του ανώτερου αναπνευστικού συστήματος, καθώς ρυθμίζει τον βήχα χωρίς να τον καταστέλλει, με σεβασμό στην αμυντική λειτουργία του για το αναπνευστικό σύστημα. Με ευχάριστη γεύση φράουλα και μέλι. PHARMALINK- Av. Universitat Autónoma 13, Parc Tecnològic del Vallès 08290 Cerdanyola del Vallès (Barcelona), Spain.;;;;;;;Σιρόπια για τον Βήχα;5202888331015;;frezyderm/cough-syrup-kids-5202888331015.jpg;https://www.frezyderm.gr/siropia-gia-ton-bhxa/cough-syrup-kids-siropi-gia-ton-bhxa/;frezyderm.gr;Αυτόματο
Frezyderm Crilen Anti-Mosquito 10%;;9,52;15,90;Με 10% IR3535. Aπωθεί αποτελεσματικά τα κουνούπια και το κουνούπι-τίγρης. Η δράση του διαρκεί για 8 ώρες. Χρησιμοποιείτε εντομοαπωθητικά με ασφαλή τρόπο. Να φυλάσσονται μακριά από παιδιά. Να διαβάζετε πάντα την ετικέτα και τις πληροφορίες για το προϊόν, πριν από τη χρήση. Η εφαρμογή σε παιδιά ηλικίας κάτω των 12 ετών, θα πρέπει να γίνεται από ενήλικα.;;;;;;;Εντομοαπωθητικά;5202888224348;;frezyderm/crilen-anti-mosquito-10-5202888224348.jpg;https://www.frezyderm.gr/proionta-gia-anakoufisi-prostasia-apo-tsimpimata-entomwn/entomoapothitika/crilen-anti-mosquito-10-galaktwma-gia-prostasia-apo-kounoupia/;frezyderm.gr;Αυτόματο
Frezyderm Crilen Anti-Mosquito Plus Spray 20%;;8,87;14,90;Spray με 20% IR3535 που απωθεί αποτελεσματικά τα κουνούπια και το κουνούπι τίγρης. Η δράση του διαρκεί για 8 ώρες. Χρησιμοποιείτε εντομοαπωθητικά με ασφαλή τρόπο. Να φυλάσσονται μακριά από παιδιά. Να διαβάζετε πάντα την ετικέτα και τις πληροφορίες για το προϊόν, πριν από τη χρήση. Η εφαρμογή σε παιδιά ηλικίας κάτω των 12 ετών, θα πρέπει να γίνεται από ενήλικα.;;;;;;;Εντομοαπωθητικά;5202888224355;;frezyderm/crilen-anti-mosquito-plus-spray-20-5202888224355.jpg;https://www.frezyderm.gr/proionta-gia-anakoufisi-prostasia-apo-tsimpimata-entomwn/entomoapothitika/crilen-anti-mosquito-plus-spray-20-gia-prostasia-apo-kounoupia/;frezyderm.gr;Αυτόματο
Frezyderm Crilen ΓΑΛΑΚΤΩΜΑ;;10,86;18,20;Ενυδατικό γαλάκτωμα εμπλουτισμένο με κατάλληλο συνδυασμό ενεργών συστατικών που ασκούν προστασία από την εξωγενή επίδραση των εντόμων στα ακάλυπτα σημεία. Προσφέρει βαθιά ενυδάτωση και εντομοαπωθητική δράση.;Δερματολογικά ελεγμένο;;;;;;Εντομοαπωθητικά;5202888010996;;frezyderm/crilen-125ml-40ml-5202888010996.jpg;https://www.frezyderm.gr/proionta-gia-anakoufisi-prostasia-apo-tsimpimata-entomwn/enydatwsi/crilen-galaktwma-125ml-tsimpimata-entomwn/;frezyderm.gr;Ακριβές (GTIN)
Frezyderm Crilen Adult Plus;;10,83;18,20;Ενισχυμένο, άοσμο, ενυδατικό, προστατευτικό γαλάκτωμα και με εντομοαπωθητική δράση. Αποτελεί μία δραστική αλλά διακριτική λύση προστασίας από τα τσιμπήματα εντόμων και προσφέρει μαλακτική δράση και προστασία για αρκετές ώρες. Είναι κατάλληλο για χρήση μόνο από ενήλικες.;Δερματολογικά ελεγμένο;;;;;;Εντομοαπωθητικά;5202888224300;;frezyderm/crilen-adult-plus-5202888224300.jpg;https://www.frezyderm.gr/proionta-gia-anakoufisi-prostasia-apo-tsimpimata-entomwn/enydatwsi/crilen-adult-plus-enydatiko-galaktwma-kai-me-entomoapwthish/;frezyderm.gr;Αυτόματο
Frezyderm Crilen After Nip Gel;;5,46;9,20;Απαλό gel για την ανακούφιση του ερεθισμένου δέρματος από το τσίμπημα εντόμων καθώς και την επαφή με τσούχτρες, μέδουσες και τσουκνίδες. Ανακουφίζει από τον πόνο, το οίδημα και τον κνησμό και δροσίζει το δέρμα. Δεν περιέχει αμμωνία;;;;;;;Εντομοαπωθητικά;5202888224263;5202888102356;frezyderm/crilen-after-nip-gel-5202888224263.png;https://www.frezyderm.gr/proionta-gia-anakoufisi-prostasia-apo-tsimpimata-entomwn/gel/crilen-after-nip-anakoufisi-tsimpimata-entomwn/;frezyderm.gr;Αυτόματο
Frezyderm Crilen ΓΑΛΑΚΤΩΜΑ;;6,70;11,22;Ενυδατικό γαλάκτωμα εμπλουτισμένο με κατάλληλο συνδυασμό ενεργών συστατικών που ασκούν προστασία από την εξωγενή επίδραση των εντόμων στα ακάλυπτα σημεία. Προσφέρει βαθιά ενυδάτωση και εντομοαπωθητική δράση.;Δερματολογικά ελεγμένο;;;;;;Εντομοαπωθητικά;5202888010989;;frezyderm/crilen-5202888010989.jpg;https://www.frezyderm.gr/proionta-gia-anakoufisi-prostasia-apo-tsimpimata-entomwn/enydatwsi/crilen-galaktwma-50ml-tsimpimata-entomwn/;frezyderm.gr;Ακριβές (GTIN)
Frezyderm Crilen Mousse;;11,65;19,50;Ενυδατικός αφρός εμπλουτισμένο με κατάλληλο συνδυασμό ενεργών συστατικών που ασκούν προστασία από την εξωγενή επίδραση των εντόμων στα ακάλυπτα σημεία. Είναι σε μορφή αφρού, ώστε να εξασφαλίζει εύκολη και άριστη εφαρμογή χωρίς να αφήνει ίχνη λιπαρότητας.;Δερματολογικά ελεγμένο;;;;;;Εντομοαπωθητικά;5202888102219;;frezyderm/crilen-mousse-5202888102219.jpg;https://www.frezyderm.gr/proionta-gia-anakoufisi-prostasia-apo-tsimpimata-entomwn/enydatwsi/crilen-mousse-entomoapwthitiko/;frezyderm.gr;Ακριβές (GTIN)
Frezyderm Crilen Roll Ball;;8,54;14,30;Ενυδατικό, προστατευτικό γαλάκτωμα και με εντομοαπωθητική δράση που απλώνεται απευθείας στην επιδερμίδα. Ειδικά μελετημένη συσκευασία με μπίλια μεγάλης διαμέτρου για εύκολη και γρήγορη εφαρμογή. Ενυδατώνει και απαλύνει το δέρμα και ασκεί προστασία από την εξωγενή επίδραση των εντόμων στα ακάλυπτα σημεία.;Δερματολογικά ελεγμένο;;;;;;Εντομοαπωθητικά;5202888224324;;frezyderm/crilen-roll-ball-5202888224324.jpg;https://www.frezyderm.gr/proionta-gia-anakoufisi-prostasia-apo-tsimpimata-entomwn/enydatwsi/crilen-roll-ball-enydatiko-galaktwma-kai-me-entomoapwthish/;frezyderm.gr;Αυτόματο
Frezyderm Crilen Wipes;;5,10;8,54;Υγρά μαντηλάκια που ενυδατώνουν σε βάθος και παρέχουν αντιφλογιστική και μαλακτική δράση. Η σύνθεσή τους είναι εμπλουτισμένη με κατάλληλο συνδυασμό ενεργών συστατικών πουασκούν προστασία από την εξωγενή επίδραση των εντόμων στα ακάλυπτα σημεία. Η συσκευασία περιέχει 20 πρακτικά XL μαντηλάκια με έξυπνο δίπλωμα σε πρακτική ατομική συσκευασία, για εύκολη μεταφορά πάντα και παντού.;;;;;;;Εντομοαπωθητικά;5202888224317;5202888224256;frezyderm/crilen-anti-mosquito-plus-spray-20-5202888224317.jpg;https://www.frezyderm.gr/proionta-gia-anakoufisi-prostasia-apo-tsimpimata-entomwn/enydatwsi/crilen-wipes-entomoapwthitiko/;frezyderm.gr;Ακριβές (GTIN)
Frezyderm De-Make Up 4 in 1;;10,12;16,90;Απαλό γαλάκτωμα καθαρισμού για το πρόσωπο, το λαιμό και τα μάτια. Προσφέρει αποτελεσματικό καθαρισμό από ρύπους και προϊόντα μακιγιάζ, ενώ ταυτόχρονα τονώνει, δροσίζει και ενυδατώνει την επιδερμίδα, χωρίς να αφήνει την αίσθηση λιπαρότητας. Είναι κατάλληλο και για την αφαίρεση αδιάβροχων προϊόντων μακιγιάζ. Με λεπτόρρευστη, δροσερή υφή που δεν αφήνει ίχνη λιπαρότητας. Υψηλή αποτελεσματικότητα αφαίρεσης μακιγιάζ*;Δερματολογικά ελεγμένο;;;;;;Περιποίηση Προσώπου;5202888271144;;frezyderm/de-make-up-4-in-1-5202888271144.jpg;https://www.frezyderm.gr/proionta-peripoiisis-prosopou/katharismos-proswpou/proionta-ntemakigiaz/galaktwma-ntemakigiaz/;frezyderm.gr;Αυτόματο
Frezyderm - Dermiox Cream - 50ml;;30,50;51,06;"Αντιγήρανση &amp; σύσφιξη Η Dermiox Cream της Frezyderm μειώνει τις ρυτίδες, στατικές ή έκφρασης, που έχουν εμφανιστεί στο πρόσωπο (μέτωπο, μεσόφρυο,...";;;;;;;Διάφορα;5202888271182;5202888271243;frezyderm/dermiox-cream-50ml-5202888271182.jpg;https://www.pharmacy295.gr/catalog/prosopo/kremes-prosopoy/product/frezyderm-dermiox-cream-50ml--5202888271182;pharmacy295.gr;Χωρίς σελίδα
Frezyderm Dermofilia Adults Deo Cream;;5,76;9,70;Αποσμητικό με υβριδική καινοτομία έξυπνων ενεργών μικροσπόγγων μέσα σε μία ενυδατική κρέμα που σέβεται την ισορροπία του δερματικού μικροβιώματος και την ευαίσθητη επιδερμίδα. Προσροφά τον ιδρώτα και τις οσμές του σώματος (απορροφώντας τα λιπαρά συστατικά του ιδρώτα που προκαλούν την οσμή) και παρέχει βακτηριακή προστασία, χωρίς όμως να εμποδίζει τη φυσική εφίδρωση και τη διαπνοή του δέρματος. Η σύνθεσή του περιλαμβάνει προσεκτικά επιλεγμένα ενεργά συστατικά που συνδυάζονται αποτελεσματικά, για να προσφέρουν απόσμηση, φρεσκάδα και άνεση που διαρκεί όλη μέρα. 1.(20 εθελοντές: 10 έφηβοι – 10 ενήλικες, 2 φορές την ημέρα /28 ημέρες). Όλοι οι συμμετέχοντες ανέφεραν καλή αίσθηση εφαρμογής και αποτελεσματικότητα (ΒΙΟ 208-21 2109G20F-1, Bio Basic Europe SrI). Dermo-Clinical Research Institute-Bio Basic Europe-University of Pavia. Study of the effect and cosmetic properties of a product through evaluations and instrumental analysis performed by professionals under medical supervision and consumer self-assessments.;;;;;;;Περιποίηση Σώματος;5202888224379;;frezyderm/dermofilia-adults-deo-cream-5202888224379.jpg;https://www.frezyderm.gr/peripoiisi-somatos/aposmhtika-gia-paidia-enhlikes/adults-deo-cream-hybrid-deodorant-formula/;frezyderm.gr;Αυτόματο
Frezyderm Dermofilia Basics 75Ml;;8,74;14,60;Προϊόν Frezyderm — FREZYDERM DERMOFILIA BASICS 75ML;;;;;;;Διάφορα;5202888102417;;frezyderm/dermofilia-hand-cream-75ml-40ml-5202888102417.jpg;;;Χωρίς σελίδα
Frezyderm Dermofilia Barrier Hand Cream;;12,61;21,10;Προστατευτική κρέμα χεριών. Χάρη στην τεχνολογία ειδικών υγρών πολυμερών που διαθέτει, δημιουργεί έναν αποτελεσματικό φραγμό προστασίας στην επιδερμίδα των χεριών χωρίς να κλείνει τους πόρους. Απλώνεται εύκολα και, ακολουθώντας μια διαδικασία αναστροφής φάσης επί του δέρματος. μετατρέπεται σταδιακά σε ένα διάφανο φιλμ προστασίας απέναντι στους επιβλαβείς εξωτερικούς παράγοντες. Ενυδατώνει σε βάθος και αναπλάθει την επιδερμίδα προσφέροντας μοναδική δερματική άνεση. Προσφέρει άμεση αίσθηση προστασίας και αποκατάστασης που διαρκεί έως και 4 ώρες. Μη λιπαρή σύνθεση που απορροφάται εύκολα. Είναι η ιδανική φροντίδα για τα χέρια που ταλαιπωρούνται από συχνό πλύσιμο, συνθετικά γάντια, εκτεταμένη χρήση αντισηπτικού, χρόνιο έκζεμα χεριών, τραχύτητα, αφυδάτωση και δερματίτιδα εξ επαφής, που συνήθως προκαλείται από faux bijoux και κέρματα.;;;;;;;Περιποίηση Σώματος;5202888102790;5202888100512;frezyderm/dermofilia-hand-cream-75ml-40ml-5202888102790.jpg;https://www.frezyderm.gr/peripoiisi-somatos/kremes-xeriwn/dermofilia-hand-cream-krema-xeriwn/;frezyderm.gr;Ακριβές (GTIN)
Frezyderm Diabeteeth Toothpaste;;5,30;8,87;Οδοντόκρεμα για την καθημερινή στοματική φροντίδα των διαβητικών. Ο εξειδικευμένος συνδυασμός βιοενεργού πεπτιδίου και υαλουρονικού οξέος αποτρέπει τις συνέπειες της αύξησης γλυκόζης στη στοματική κοιλότητα των ασθενών με σακχαρώδη διαβήτη. - Καταπολεμά τη μικροβιακή πλάκα - Ενυδατώνει και προστατεύει τα ούλα - Αντιμετωπίζει την ξηροστομία - Καταπολεμά από την τερηδόνα;;;;;;;Στοματική Υγιεινή;5202888281075;;frezyderm/diabeteeth-toothpaste-5202888281075.jpg;https://www.frezyderm.gr/proionta-gia-th-stomatikh-ygieinh/proionta-stomatikhs-ygieinhs-gia-enhlikes/proionta-stomatikhs-ygieinhs-kai-diabhths/proionta-stomatikhs-ygieinhs-gia-enhlikesproionta-stomatikhs-ygieinhs-kai-diabhths/;frezyderm.gr;Ακριβές (GTIN)
Frezyderm Diamond Velvet ΑΝΤΙ-Wrinkle Cream;;42,37;70,93;Κρέμα ενισχυμένης αντιγηραντικής δράσης για άμεση σύσφιγξη και ταχεία μείωση ρυτίδων στο ώριμο ή/και ταλαιπωρημένο δέρμα. Συνενώνοντας μοναδικές καινοτομίες επανόρθωσης, αποτελεί την ιδανική λύση, εάν οι αισθητικές επεμβάσεις δεν είναι στις επιλογές σας ή μετά από αυτές, για μία ενισχυμένη καθημερινή φροντίδα. Περιέχοντας ειδική τεχνολογία Velvet-in-Water, προσφέρει ασύγκριτα βελούδινη υφή χωρίς την κηρώδη αίσθηση ασφυξίας ενώ η πρωτοποριακή δομή κρυστάλλων φυσικού διαμαντιού και το Boron Nitride επιταχύνουν την ανανέωση της επιδερμίδας και χαρίζουν μοναδική λάμψη. Παράλληλα, τα ειδικά επιλεγμένα ενεργά συστατικά, βασισμένα στην Επιστήμη της Επιγενετικής, αυξάνουν την παραγωγή κολλαγόνου, ελαστίνης και υαλουρονικού οξέος, αντιστρέφοντας δραστικά την πορεία φθοράς του χρόνου. Η επιδερμική αναγέννηση επιταχύνεται, η πυκνότητα της επιδερμίδας αυξάνεται, η σφριγηλότητα και η ελαστικότητα επανέρχονται, οι ρυτίδες «γεμίζουν» αποτελεσματικά και η φυσική λάμψη αποκαθίσταται ορατά. Επιπλέον, η Diamond Velvet Anti-Wrinkle Cream διαθέτει ειδικά σχεδιασμένη σύνθεση που προσφέρει βαθιά και παρατεταμένη ενυδάτωση στο δέρμα διατηρώντας τα αποθέματα υγρασίας του.;;;;;;;Περιποίηση Προσώπου;5202888271298;;frezyderm/diamond-velvet-wrinkle-cream-5202888271298.jpg;https://www.frezyderm.gr/proionta-peripoiisis-prosopou/kremes-prosopou/antigirantikes-kremes/diamond-antighrantikh-krema-proswpou-gia-wrimo-derma/;frezyderm.gr;Ακριβές (GTIN)
Frezyderm Diamond Velvet Moisturizing Cream;;34,89;58,41;Κρέμα ενισχυμένης ενεργητικής και παθητικής ενυδάτωσης του ώριμου/ ή και ταλαιπωρημένου δέρματος. Συνενώνοντας μοναδικές καινοτομίες επανόρθωσης, αποτελεί την ιδανική λύση, εάν οι αισθητικές επεμβάσεις δεν είναι στις επιλογές σας ή μετά από αυτές, για μία ενισχυμένη καθημερινή φροντίδα. H πρωτοποριακή Diamond Velvet Technology προσφέρει στην επιδερμίδα μοναδική velvet υφή, χωρίς να ασφυκτιά το δέρμα. Επιπλέον, χάρη στους ειδικά σχεδιασμένους κρυστάλλους φυσικού διαμαντιού και το Boron Nitride που περιέχεται στη σύνθεσή της κρέμας, επιταχύνεται η κυτταρική ανανέωση, για δέρμα που ακτινοβολεί λάμψη και φρεσκάδα. Παράλληλα, ένας προσεκτικά επιλεγμένος συνδυασμός ισχυρών ενυδατικών δραστικών υψηλής διαβατότητας «κλειδώνει» την υγρασία στην επιδερμίδα, δημιουργώντας υψηλά αποθέματα παρατεταμένης ενυδάτωσης. Τέλος, η τεχνολογία βασισμένη στην Επιστήμη της Επιγενετικής, αναζωογονεί μοναδικά το δέρμα και βελτιστοποιεί την εικόνα του. Τα ενεργά συστατικά της Diamond Velvet Moisturizing Cream ενεργοποιούν τη σύνθεση κολλαγόνου, γλυκοζαμινογλυκανών και υαλουρονικού οξέος αποκαθιστώντας την ελαστικότητα και τη σφριγηλότητα του δέρματος και μειώνοντας αποτελεσματικά τις ρυτίδες. Η κρέμα είναι εμπλουτισμένη με Marine Glycogen, έναν πολυσακχαρίτη θαλάσσιας προέλευσης με εξαιρετικές προστατευτικές ιδιότητες από τις ελεύθερες ρίζες και τους σωματιδιακούς περιβαλλοντικούς ρύπους. **Etcoin- Tecnical Data;;;;;;;Περιποίηση Προσώπου;5202888271281;;frezyderm/diamond-velvet-moisturizing-cream-5202888271281.png;https://www.frezyderm.gr/proionta-peripoiisis-prosopou/kremes-prosopou/enudatikes-kremes-prosopou/diamond-enudatikh-krema-proswpou-gia-wrimo-derma/;frezyderm.gr;Αυτόματο
Frezyderm dMannosa;;14,12;23,64;Το dMannosa® είναι μια σύνθεση συμπληρώματος διατροφής που περιέχει D-Mαννόζη και εκχύλισμα Κράνμπερι. Συνεργική σχέση D-Mαννόζης (ισομερούς της γλυκόζης) και τυποποιημένου εκχυλίσματος Κράνμπερι που περιέχει υψηλές ποσότητες Προανθοκυανιδινών (40%). Το dMANNOSA® είναι ένα συμπλήρωμα διατροφής σε σκόνη για ανασύσταση. Ένα κουτί dMannosa® περιέχει 14 φακελάκια των 4,0 g το καθένα. Κάθε φακελάκι dMANNOSA® περιέχει: - D-Μαννόζη 2g - Εκχύλισμα Κράνμπερι 50mg (ξηρό εκχύλισμα 40% Προανθοκυανίδες - PACs) - Σουκραλόζη | Φρουκτόζη Αρ. Γνωστοποίησης ΕΟΦ: 80280/03.08.2020. Δεν επέχει θέση άδειας κυκλοφορίας.;;;;;;;Συμπληρώματα Διατροφής;5202888106200;;frezyderm/dmannosa-5202888106200.jpg;https://www.frezyderm.gr/sumplhrwmata-diatrofis/dmannosa-symplhrwma-diatrofhs-gia-to-ouropoihtiko-systhma/;frezyderm.gr;Ακριβές (GTIN)
Frezyderm Ecovag Balance Κολπικά Υπόθετα για Αποκατάσταση της Κολπικής Χλωρίδας 10τμχ;;13,21;22,11;Προϊόν Frezyderm — FREZYDERM Ecovag Balance Κολπικά Υπόθετα για Αποκατάσταση της Κολπικής Χλωρίδας 10τμχ;;;;;;;Διάφορα;5705675071168;;;;;Χωρίς σελίδα
Frezyderm Every Day Use Shampoo;;8,06;13,50;Πολύ απαλό σαμπουάν που προσφέρει αποτελεσματικό καθαρισμό, προστατεύει το τριχωτό και τα μαλλιά από την περιβαλλοντική ρύπανση και ενισχύει τη δύναμη και τη λάμψη της τρίχας. Έτσι τα ευαίσθητα, άτονα και αδύναμα μαλλιά αποκτούν λάμψη, όγκο και στιλπνότητα. Με ουδέτερο pH. Aποτελεσματικότητας Aξιολόγησης ασφάλειας;;;;;;;Περιποίηση Μαλλιών;5202888105173;;frezyderm/every-day-use-shampoo-5202888105173.jpg;https://www.frezyderm.gr/peripoiisi-mallion/sampouan/kanonika-mallia/every-day-use-shampoo-sampouan-gia-kathhmerinh-xrhsh/;frezyderm.gr;Ακριβές (GTIN)
Frezyderm Eye Balm;;14,52;24,30;Απαλή και δροσερή κρέμα - gel που καταπολεμά τους μαύρους κύκλους, τις σακούλες και τη θαμπή όψη της επιδερμίδας στην περιοχή γύρω από τα μάτια. Ενεργοποιεί άμεσα τη μικροκυκλοφορία, επαναφέρει την ελαστικότητα και την ομοιομορφία στην όψη της επιδερμίδας, συσφίγγει την περιοχή και μειώνει τις λεπτές γραμμές. Με λεπτόρρευστη, δροσερή υφή που απορροφάται άμεσα. Αποκτήστε αμέσως ένα αναζωογονημένο, ξεκούραστο και λαμπερό βλέμμα. Δερματολογικά και Οφθαλμολογικά Ελεγμένη Δείτε πως θα αποκτήσετε φρέσκο και φωτεινό βλέμμα!;;;;;;;Περιποίηση Προσώπου;5202888271069;;frezyderm/ac-norm-lip-balm-spf-15-5202888271069.jpg;https://www.frezyderm.gr/proionta-peripoiisis-prosopou/proionta-peripoihshs-matiwn/krema-gia-tis-sakoules-sta-matia/;frezyderm.gr;Ακριβές (GTIN)
Frezyderm Facial Scrub, 100ml;;10,86;18,18;Gentle and cool exfoliating gel, suitable for sensitive skin.;;;;;;;Διάφορα;5202888271175;;frezyderm/facial-scrub-100ml-online-pharmacy-ofarmakopoiosmou-gr-5202888271175.jpg;https://www.ofarmakopoiosmou.gr/en/frezyderm-facial-scrub-100ml;ofarmakopoiosmou.gr;Χωρίς σελίδα
Frezyderm Ferti;;17,90;29,96;Συμπλήρωμα διατροφής για γυναίκες αναπαραγωγικής ηλικίας το οποίο περιέχει Μυοϊνοσιτόλη, D-chiro-Ινοσιτόλη, Φολικό οξύ και Μαγγάνιο και καλύπτει τις διατροφικές ελλείψεις ή τις αυξημένες ανάγκες του οργανισμού σε αυτά τα θρεπτικά συστατικά. Μυοϊνοσιτόλη και D-chiro-Ινοσιτόλη για την ενίσχυση της σωστής λειτουργίας των ιστών. Η Μυοϊνοσιτόλη και η D-chiro-Ινοσιτόλη αποτελούν βασικά ισομερή της Ινοσιτόλης, (Βιταμινούχος παράγοντας Β8). Το Φολικό οξύ συμβάλλει στην αύξηση των επιπέδων του φυλλικού οξέος της μητέρας, η οποία ευνοεί την ομαλή ψυχολογική λειτουργία, την κανονική λειτουργία του ανοσοποιητικού συστήματος και τη μείωση της κούρασης και της κόπωσης. Το φυλλικό οξύ παίζει επίσης ρόλο στη διαδικασία της κυτταρικής διαίρεσης, συμβάλλει στην ανάπτυξη του μητρικού ιστού κατά την εγκυμοσύνη και αποτελεί παράγοντα υγιούς ανάπτυξης του εμβρύου. Το Μαγγάνιο συμβάλλει στην προστασία των κυττάρων από το οξειδωτικό στρες.;;;;;;;Συμπληρώματα Διατροφής;5202888331572;;frezyderm/ferti-5202888331572.png;https://www.frezyderm.gr/sumplhrwmata-diatrofis/subliromata-diatrofis-gia-gunaikes-anaparagogikis-ilikias/ferti-sumplirwma-diatrofis-gia-tin-anaparagwgiki-hlikia-gynaikas/;frezyderm.gr;Χειροκίνητο
Frezyderm First Aid Butter;;10,00;16,75;Κρέμα εμπλουτισμένη με φυτικά συστατικά που απαλύνουν τον πόνο, μειώνουν το οίδημα, αποτρέπουν το μελάνιασμα, καταπραΰνουν την φλεγμονή ενισχύουν τη μικροκυκλοφορία. Προλαμβάνει καρούμπαλα και εκχυμώσεις. Βελτιώνει τα οιδήματα σε παιδιά και ενήλικες.;;;;;;;Φροντίδα Μωρού;5202888221200;;frezyderm/first-aid-butter-5202888221200.jpg;https://www.frezyderm.gr/frontida-mwrou/brefika-kalluntika/first-aid-butter-krema-gia-mwlwpes/;frezyderm.gr;Αυτόματο
Frezyderm Prodilac Immuno Shield Fast Melt;;7,78;13,02;1 φακελίσκος Prodilac Immuno Shield Fast Melt περιέχει: - 1 δισεκατομμύρια ζώντα στελέχη Lactobacillus rhamnosus GG - 2 δισεκατομμύρια ζώντα στελέχη Bifidobacterium lactis BL-04 Ημερήσια συνιστώμενη δοσολογία: 1 φακελάκι την ημέρα για συνήθη χρήση Με γεύση ροδάκινο Αρ. Γνωστοποίησης ΕΟΦ: 60076/28.07.2016 . Δεν επέχει θέση άδειας κυκλοφορίας. Ανιχνεύονται ίχνη γάλακτος Δεν χορηγείται σε ανοσοκατεσταλμένα άτομα;Κατάλληλο για χορτοφάγους;;;;;;Συμπληρώματα Διατροφής;5202888320072;;frezyderm/prodilac-immuno-shield-fast-melt-5202888320072.jpg;https://www.frezyderm.gr/sumplhrwmata-diatrofis/symplhrwmata-diatrofhs-gia-to-anwtero-anapneystiko/prodilac-immuno-shield-fast-melt-symplhrwma/;frezyderm.gr;Αυτόματο
Frezyderm Frezyfeet Diaped Cream;;9,85;18,50;Εξειδικευμένη κρέμα για την περιποίηση και προστασία του διαβητικού ποδιού. Περιέχει ενυδατικά, επουλωτικά και αντιφλεγμονώδη δραστικά συστατικά, τα οποία περιποιούνται το διαβητικό πόδι, αποκαθιστούν τις ρωγμές και τις σκληρύνσεις, προσφέρουν πλούσια ενυδάτωση και αυξάνουν την ελαστικότητα της επιδερμίδας, ενώ ταυτόχρονα προσφέρουν πρόληψη του διαβητικού έλκους.;;;;;;;Περιποίηση Σώματος;5202888102868;;frezyderm/frezyfeet-diaped-cream-5202888102868.jpg;https://www.frezyderm.gr/peripoiisi-somatos/peripoihsh-podiwn/frezyfeet-diaped-cream-krema-podiwn-gia-diabhtikous/;frezyderm.gr;Ακριβές (GTIN)
Frezyderm Frezyfeet Heavy Legs;;10,49;17,56;Εντατική δροσιστική φροντίδα, για βαριά, κουρασμένα, πρησμένα πόδια λόγω ορθοστασίας, κόπωσης, κακής κυκλοφορίας. Η καινοτομική σύνθεση προσφέρει ενίσχυση της φλεβικής μικροκυκλοφορίας, αύξηση της ελαστικότητας φλεβικών τοιχωμάτων με αποτέλεσμα τη μείωση αίσθησης βάρους και καύσου, την αποσυμφόρηση των οιδημάτων, τη μείωση ερυθρότητας και την αναδόμηση της επιδερμίδας.;Δερματολογικά ελεγμένο;;;;;;Περιποίηση Σώματος;5202888102875;;frezyderm/frezyfeet-heavy-legs-5202888102875.jpg;https://www.frezyderm.gr/peripoiisi-somatos/peripoihsh-podiwn/frezyfeet-heavy-legs-krema-gia-prhsmena-podia/;frezyderm.gr;Ακριβές (GTIN)
Frezyderm Frezyfeet Keractive Cream;;8,88;12,97;Απολεπιστική κρέμα για τα πόδια με προβλήματα σκληρύνσεων και ξηροδερμίας. Η σύνθεσή της είναι πλούσια σε κερατολυτικά δραστικά, μαλακτικά, ενυδατικά και αναπλαστικά ενεργά συστατικά. Προσφέρει απομάκρυνση των νεκρών κερατινοκυττάρων, περιποιείται τους κάλους και τις σκληρύνσεις, ενυδατώνει το ξηρό, ευαίσθητο και απολεπισμένο δέρμα, ενώ παράλληλα προστατεύει από τραυματισμούς και κίνδυνο μολύνσεων.;;;;;;;Περιποίηση Σώματος;5202888102844;;frezyderm/frezyfeet-keractive-cream-5202888102844.jpg;https://www.frezyderm.gr/peripoiisi-somatos/peripoihsh-podiwn/frezyfeet-keractive-cream-krema-apolepishs-podiwn/;frezyderm.gr;Ακριβές (GTIN)
Frezyderm Frezyfeet Odor Stop Spray;;7,37;12,34;Αποσμητικό spray για τα πόδια με προβλήματα κακοσμίας, εφίδρωσης, μυκητιάσεων. Η πολυδύναμη σύνθεση με αντιβακτηριακούς και αποσμητικούς παράγοντες, ενυδατικά και μαλακτικά πρόσθετα καταπολεμά την υπερβολική εφίδρωση και την κακοσμία έως και 24 ώρες μετά την τελευταία εφαρμογή, προλαμβάνει την ανάπτυξη μυκήτων ενώ παράλληλα περιποιείται απαλά και ενυδατώνει την επιδερμίδα.;Δερματολογικά ελεγμένο;;;;;;Περιποίηση Σώματος;5202888102837;;frezyderm/frezyfeet-odor-stop-spray-5202888102837.jpg;https://www.frezyderm.gr/peripoiisi-somatos/peripoihsh-podiwn/frezyfeet-odor-stop-spray-aposmhtiko-podiwn/;frezyderm.gr;Ακριβές (GTIN)
Frezyderm Frezyfeet Revital Cream;;7,85;13,14;Θρεπτική αναπλαστική κρέμα για τα πόδια, πλούσια σε ενυδατικά, αναπλαστικά και επουλωτικά συστατικά. Χαρίζει πλούσια ενυδάτωση, αντιμετωπίζει ρωγμές και εξελκώσεις ποδιών (σκασίματα, σχισίματα) καθώς και την έντονη ξηροδερμία, ενώ παράλληλα αναδομεί την επιδερμίδα, βελτιώνει την ελαστικότητα και τη δερματική υφή.;;;;;;;Περιποίηση Σώματος;5202888102851;;frezyderm/frezyfeet-revital-cream-5202888102851.jpg;https://www.frezyderm.gr/peripoiisi-somatos/peripoihsh-podiwn/frezyfeet-revital-cream-krema-anaplashs-podiwn/;frezyderm.gr;Ακριβές (GTIN)
Frezyderm Frezykeld Cream;;17,08;28,60;Απαλή κρέμα, αντιμετώπισης ουλών που προκαλούνται από τραυματισμό, εγχείρηση ή ακόμη και από σοβαρή ακμή, αφενός προληπτικά για την αποφυγή σχηματισμού τους και αφετέρου βελτιώνοντας όσες έχουν ήδη δημιουργηθεί. Τα ενεργά συστατικά της ενισχύουν την αναγέννηση δερματικών κυττάρων, αναδομούν τους κατεστραμμένους και γηρασμένους ιστούς της επιδερμίδας, προσφέρουν ισχυρή ενυδάτωση και παρέχουν αντιοξειδωτική και αντιφλεγμονώδη προστασία. Η επιδερμίδα στην πάσχουσα περιοχή αναδομείται, οι ουλές λειαίνονται και το δέρμα επανακτά την ομοιόμορφη όψη του.;;;;;;;Εξειδικευμένη Φροντίδα;5202888261008;;frezyderm/frezykeld-cream-5202888261008.jpg;https://www.frezyderm.gr/proionta-peripoihshs-ekseidikeumenh-frontida/kremes-anaplashs/frezykeld-cream-anaplastikh-krema-gia-oules/;frezyderm.gr;Ακριβές (GTIN)
Frezyderm Frezymar Baby Spray 100ml;;6,09;10,19;Προϊόν Frezyderm — FREZYDERM Frezymar Baby Spray 100ml;;;;;;;Διάφορα;5202888261107;5202888105555;frezyderm/baby-sun-care-spf-50-100ml-50ml-5202888261107.jpg;;;Χωρίς σελίδα
Frezyderm Frezymar Cleaner Hypertonic Aloe & Eucalyptus Medium;;6,96;11,70;Ρινικό αποσυµφορητικό µε θαλασσινό νερό για µεγαλύτερη ενυδάτωση και ανακούφιση από τη δυσφορία χάρη στην Aloe Vera και το ευχάριστο άρωµα Ευκάλυπτου. Υψηλή Αποσυμφόρηση Ρινίτιδα Ιγμορίτιδα Φρεσκάδα που διαρκεί Το θαλασσινό νερό Frezymar Hypertonic Aloe & Eucalyptus συλλέγεται απευθείας από την ελεγχόµενη περιοχή του κόλπου Cancale στη Βρετάνη που είναι ευρέως γνωστή για την ποιότητα και την καθαρότητα των υδάτων της. PHARMALINK- Av. Universitat Autónoma 13, Parc Tecnològic del Vallès 08290 Cerdanyola del Vallès (Barcelona), Spain.;;;;;;;Αποσυμφορητικά Μύτης;5202888106163;;frezyderm/frezymar-cleaner-hypertonic-aloe-eucalyptus-medium-5202888106163.jpg;https://www.frezyderm.gr/aposumforitika-mutis/rinika-sprei/frezymar-cleaner-medium-riniko-aposumforhtiko-/;frezyderm.gr;Αυτόματο
Frezyderm Frezymar Cleaner Hypertonic Soft;;6,94;11,60;Ρινικό αποσυµφορητικό διάλυμα για τον καθαρισµό και την αποσυµφόρηση της ρινικής οδού. Το θαλασσινό νερό Frezymar Hypertonic συλλέγεται απευθείας από την ελεγχόµενη περιοχή του κόλπου Cancale στη Βρετάνη που είναι ευρέως γνωστή για την ποιότητα και την καθαρότητα των υδάτων της. Συμφόρηση Ρινίτιδα Ιγμορίτιδα PHARMALINK- Av. Universitat Autónoma 13, Parc Tecnològic del Vallès 08290 Cerdanyola del Vallès (Barcelona), Spain.;;;;;;;Αποσυμφορητικά Μύτης;5202888106125;;frezyderm/frezymar-cleaner-hypertonic-soft-5202888106125.jpg;https://www.frezyderm.gr/aposumforitika-mutis/rinika-sprei/frezymar-cleaner-baby-riniko-aposumforhtiko-vrefous/;frezyderm.gr;Αυτόματο
Frezyderm Frezymar Normal Spray 100ml;;5,30;8,87;Προϊόν Frezyderm — FREZYDERM Frezymar Normal Spray 100ml;;;;;;;Διάφορα;5202888261114;5202888105562;frezyderm/baby-sun-care-spf-50-100ml-50ml-5202888261114.jpg;;;Χωρίς σελίδα
Frezyderm Hair Balance Shampoo 200ml;;7,90;13,22;Προϊόν Frezyderm — FREZYDERM Hair Balance Shampoo 200ml;;;;;;;Διάφορα;5202888105111;;;;;Χωρίς σελίδα
Frezyderm Hair Force Lotion Extra;;15,16;25,38;Λοσιόν για την πρόληψη και την αντιμετώπιση της τριχόπτωσης. Αντιμετωπίζει την τριχόπτωση οποιασδήποτε αιτίας, την αραίωση, την εποχική αντιδραστική τριχόπτωση και τα αδύναμα μαλλιά. Προσφέρει ενδυνάμωση των θυλάκων, ενίσχυση τριχοφυΐας και οξυγόνωση των κυττάρων. Ενισχύει τα άτονα και αδύναμα μαλλιά. Με ουδέτερο pH. Δείτε πως θα αντιμετωπίσετε τη χρόνια και εποχική τριχόπτωση.;Μελέτες αποτελεσματικότητας · Μελέτες αξιολόγησης ασφάλειας;;;;;;Περιποίηση Μαλλιών;5202888105036;;frezyderm/hair-force-shampoo-men-5202888105036.jpg;https://www.frezyderm.gr/peripoiisi-mallion/losion-mallion-se-morfh-sprei/losion-gia-trixoptwsh/hair-force-lotion-extra-losion-trixoptwshs/;frezyderm.gr;Ακριβές (GTIN)
Frezyderm Hair Force Mask 200ml;;8,79;14,71;Προϊόν Frezyderm — FREZYDERM Hair Force Mask 200ml;;;;;;;Διάφορα;5202888105043;;frezyderm/hair-force-shampoo-men-5202888105043.jpg;;;Χωρίς σελίδα
Frezyderm Hair Force Monodoses Day / Night;;23,51;39,36;Ειδική αγωγή κατά της τριχόπτωσης, για άνδρες και γυναίκες. Συμβάλλει στον έλεγχο της ορμονοεπαγόμενης τριχόπτωσης, υποστηρίζοντας την αγκίστρωση της ρίζας επί του τριχωτού. Παράλληλα, ενεργοποιούν τον κυτταρικό μεταβολισμό, ενισχύουν την τριχοφυΐα και παρέχουν αντιφλεγμονώδη προστασία. Με ουδέτερο pH. Aξιολόγησης ασφάλειας Δείτε πως θα αντιμετωπίσετε τη χρόνια και εποχική τριχόπτωση.;Μελέτες αποτελεσματικότητας;;;;;;Περιποίηση Μαλλιών;5202888105029;;frezyderm/hair-force-shampoo-men-5202888105029.jpg;https://www.frezyderm.gr/peripoiisi-mallion/therapia-trixoptosis/losion/hair-force-monodoses-day-night-agwgh-kata-ths-trixoptwshs/;frezyderm.gr;Ακριβές (GTIN)
Frezyderm Hair Force Shampoo Men;;9,43;15,80;Τριχοτονωτικό σαμπουάν, με ειδική σύνθεση για την αντιμετώπιση της αντρικής τριχόπτωσης. Τα ενεργά συστατικά του αντιμετωπίζουν τη χρόνια και εποχική αντιδραστική τριχόπτωση, την αραίωση, την αλωπεκία (φαλάκρα) και τα αδύναμα μαλλιά και προσφέρουν ενδυνάμωση των θυλάκων και ενίσχυση της τριχοφυΐας. Με ουδέτερο pH. Δείτε πως θα αντιμετωπίσετε την αντρική τριχόπτωση.;Μελέτες αποτελεσματικότητας · Μελέτες αξιολόγησης ασφάλειας;;;;;;Περιποίηση Μαλλιών;5202888105005;;frezyderm/hair-force-shampoo-men-5202888105005.jpg;https://www.frezyderm.gr/peripoiisi-mallion/sampouan/sampouan-gia-trixoptwsh/hair-force-shampoo-men-sampouan-gia-thn-andrikh-trixoptwsh/;frezyderm.gr;Ακριβές (GTIN)
Frezyderm Hair Force Shampoo Women;;9,30;15,60;Τριχοτονωτικό σαμπουάν με ειδική σύνθεση για την αντιμετώπιση των παραγόντων που προκαλούν τη γυναικεία τριχόπτωση. Αντιμετωπίζει τόσο την εποχική όσο και τη χρόνια αντιδραστική τριχόπτωση και τα αδύναμα μαλλιά. Προσφέρει ενδυνάμωση των θυλάκων, ενίσχυση τριχοφυΐας, προστασία από τη φθορά και αναδόμηση του περιτρίχιου. Με ουδέτερο pH. Δείτε πως θα αντιμετωπίσετε την γυναικεία τριχόπτωση.;Μελέτες αποτελεσματικότητας · Μελέτες αξιολόγησης ασφάλειας;;;;;;Περιποίηση Μαλλιών;5202888105012;;frezyderm/hair-force-shampoo-women-5202888105012.jpg;https://www.frezyderm.gr/peripoiisi-mallion/sampouan/sampouan-gia-trixoptwsh/hair-force-shampoo-women-sampouan-gia-thn-gunaikeia-trixoptwsh/;frezyderm.gr;Αυτόματο
Frezyderm Hair Force Tabs;;18,60;31,27;Ειδικό συμπλήρωμα διατροφής για τη διατήρηση της φυσιολογικής κατάστασης των μαλλιών, των νυχιών και του δέρματος και της λειτουργίας του Ανοσοποιητικού Συστήματος. ΣΥΣΤΑΣΗ Εμπλουτισμένο με Αμινοξέα – Βιταμίνες B,C,E – Ιχνοστοιχεία – Συνένζυμο Q10 ΔΡΑΣΕΙΣ Ενισχύει τη αντοχή του στελέχους της τρίχας, εξυγιαίνει τον τριχοθύλακα και τον προστατεύει από γήρανση, βελτιώνει τα επίπεδα ενυδάτωσης της τρίχας, ρυθμίζει την παραγωγή σμήγματος και προστατεύει από το οξειδωτικό στρες Αρ. Γνωστοποίησης ΕΟΦ: 128089/02.12.2020. Δεν επέχει θέση άδειας κυκλοφορίας.;;;;;;;Περιποίηση Μαλλιών;5202888331534;;frezyderm/hair-force-tabs-5202888331534.jpg;https://www.frezyderm.gr/peripoiisi-mallion/therapia-trixoptosis/ampoules-trixoptwshs/hair-force-tabs-gia-mallia-derma-nyxia/;frezyderm.gr;Αυτόματο
Frezyderm Hair Force Tabs;;16,84;28,19;Ειδικό συμπλήρωμα διατροφής για τη διατήρηση της φυσιολογικής κατάστασης των μαλλιών, των νυχιών και του δέρματος και της λειτουργίας του Ανοσοποιητικού Συστήματος. ΣΥΣΤΑΣΗ Εμπλουτισμένο με Αμινοξέα – Βιταμίνες B,C,E – Ιχνοστοιχεία – Συνένζυμο Q10 ΔΡΑΣΕΙΣ Ενισχύει τη αντοχή του στελέχους της τρίχας, εξυγιαίνει τον τριχοθύλακα και τον προστατεύει από γήρανση, βελτιώνει τα επίπεδα ενυδάτωσης της τρίχας, ρυθμίζει την παραγωγή σμήγματος και προστατεύει από το οξειδωτικό στρες Αρ. Γνωστοποίησης ΕΟΦ: 128089/02.12.2020. Δεν επέχει θέση άδειας κυκλοφορίας.;;;;;;;Περιποίηση Μαλλιών;5202888105210;5202888105272, 5202888225895, 5202888225970;frezyderm/hair-force-shampoo-men-5202888105210.jpg;https://www.frezyderm.gr/peripoiisi-mallion/therapia-trixoptosis/ampoules-trixoptwshs/hair-force-tabs-gia-mallia-derma-nyxia/;frezyderm.gr;Αυτόματο
Frezyderm Hair Implant Shampoo 150ml;;11,93;19,97;Προϊόν Frezyderm — FREZYDERM Hair Implant Shampoo 150ml;;;;;;;Διάφορα;5202888105104;;;;;Χωρίς σελίδα
Frezyderm Hair Repair Conditioner 200ml;;8,05;13,48;Προϊόν Frezyderm — FREZYDERM Hair Repair Conditioner 200ml;;;;;;;Διάφορα;5202888105197;;;;;Χωρίς σελίδα
Frezyderm Hair Repair Mask 200ml;;8,35;13,98;Προϊόν Frezyderm — FREZYDERM Hair Repair Mask 200ml;;;;;;;Διάφορα;9999991010956;5202888105203;;;;Χωρίς σελίδα
Frezyderm Hair Repair Shampoo 200ml;;8,51;14,25;Προϊόν Frezyderm — FREZYDERM Hair Repair Shampoo 200ml;;;;;;;Διάφορα;5202888105180;;;;;Χωρίς σελίδα
Frezyderm Holistic Arnica Cream 50ml;;8,60;14,40;Frezyderm Holistic Arnica Cream 50ml - Κρέμα για Πρόσωπο & Σώμα που Ανακουφίζει Μετά Από Τραυματισμούς & Μυϊκή Καταπόνηση;;;;;;;Διάφορα;5202888261213;;frezyderm/holistic-arnica-cream-50ml-pharm24-gr-5202888261213.png;https://www.pharm24.gr/frezyderm-holistic-arnica-cream-krema-gia-proswpo-kai-swma-poy-anakoyfizei-meta-apo-traymatismoys-myikh-kataponhsh-50ml-p-28543.html;pharm24.gr;Χωρίς σελίδα
Frezyderm Holistic Arnica Cream 50Ml;;8,10;13,56;Προϊόν Frezyderm — FREZYDERM HOLISTIC ARNICA CREAM 50ML;;;;;;;Διάφορα;5202888261060;;frezyderm/moisturizing-rich-micellar-water-50ml-5202888261060.png;;;Χωρίς σελίδα
Frezyderm Calendula Cream;;7,50;12,56;Κρέμα για πρόσωπο και σώμα που ανακουφίζει, ενυδατώνει, καταπραΰνει και βοηθά στην εξισορρόπηση καταστάσεων διαταραχής της δερματικής χλωρίδας. Χάρη στο καινοτόμο δραστικό συστατικό FD Symbiosis Complex που περιλαμβάνει η σύνθεσή της, ενισχύει αποτελεσματικά τον δερματικό φραγμό, διατηρεί την ισορροπία της δερματικής χλωρίδας και βοηθά το δέρμα να αποβάλλει τις τοξίνες. Παράλληλα, δύο βασικά αντιερεθιστικά ενεργά συστατικά δρουν σε απόλυτη συνέργεια για να χαρίσουν την απόλυτη δερματική άνεση και φροντίδα: Calendula Officinalis και Zanthoxylum Alatum. Η κρέμα, όπως και οι υπόλοιπες της σειράς, διαθέτει και έναν μοναδικό συνδυασμό από: - Picea Abies Eκχύλισμα (Νορβηγικό Έλατο) & Εκχύλισμα Μανόλιας για ενξισορρόπηση της δερματικής μικροχλωρίδας, αντιοξειδωτική και αντιερεθιστική δράση, - Φυτικά Έλαια Καρύδας, Ελιάς, Ζαχαροκάλαμου και Babassu από ανανεώσιμες φυσικές πηγές, για ισχυρή δερματική προστασία.;;;;;;;Ομοιοπαθητική;5202888261084;;frezyderm/calendula-cream-5202888261084.jpg;https://www.frezyderm.gr/omoiopathitiki/proionta-olistikhs-frontidas/holistic-krema-kalentoula/;frezyderm.gr;Ακριβές (GTIN)
Frezyderm Hypericum Cream;;7,50;12,56;Κρέμα για πρόσωπο και σώμα που μειώνει τους ερεθισμούς και διαθέτει αναδομητική δράση. Περιέχει το μοναδικό δραστικό συστατικό FD Symbiosis Complex που προστατεύει το δερματικό μικροβίωμα και αποτοξινώνει την επιδερμίδα. Παράλληλα, η συνεργιστική δράση Hypericum Perforatum και Πασιφλόρας αναδομεί τον δερματικό ιστό αναπλάθοντας το δέρμα, μειώνει τους ερεθισμούς και προσφέρει δερματική άνεση. Και βέβαια, όπως σε όλα τα προϊόντα της σειράς, υπάρχει ο συνδυασμός φυτικών δραστικών συστατικών με ασύγκριτες ιδιότητες δερματικής φροντίδας: - Picea Abies Eκχύλισμα (Νορβηγικό Έλατο) & Εκχύλισμα Μανόλιας για ενξισορρόπηση της δερματικής μικροχλωρίδας, αντιοξειδωτική και αντιερεθιστική δράση, - Φυτικά Έλαια Καρύδας, Ελιάς, Ζαχαροκάλαμου και Babassu από ανανεώσιμες φυσικές πηγές, για ισχυρή δερματική προστασία.;;;;;;;Ομοιοπαθητική;5202888261077;;frezyderm/hypericum-cream-5202888261077.jpg;https://www.frezyderm.gr/omoiopathitiki/proionta-olistikhs-frontidas/holistic-hypericum-cream-krema/;frezyderm.gr;Αυτόματο
Frezyderm Propolis Cream;;7,20;12,05;Κρέμα για πρόσωπο και σώμα, μειώνει τους ερεθισμούς και ενισχύει τη δερματική άμυνα. Αξιοποιώντας τη δύναμη του δραστικού συστατικού FD Symbiosis Complex, υποβοηθά την διατήρηση της υγείας του δέρματος και προστατεύει από την ξηρότητα. Η φυσιολογική μικροχλωρίδα του δέρματος προστατεύεται μέσω ενίσχυσης τόσο του επιδερμικού φραγμού όσο και των ανοσοποιητικών & αποτοξινωτικών μηχανισμών του δέρματος. Ενεργό συστατικό της κρέμας αποτελεί η πρόπολη, μία πολύτιμη ουσία της φύσης που ενισχύει τους μηχανισμούς άμυνας του δέρματος. Επιπλέον, στη σύνθεσή της κρέμας, περιλαμβάνονται πρόσθετα δραστικά φυτικά συστατικά: - Picea Abies Eκχύλισμα (Νορβηγικό Έλατο) & Εκχύλισμα Μανόλιας για ενξισορρόπηση της δερματικής μικροχλωρίδας, αντιοξειδωτική και αντιερεθιστική δράση, - Φυτικά Έλαια Καρύδας, Ελιάς, Ζαχαροκάλαμου και Babassu από ανανεώσιμες φυσικές πηγές, για ισχυρή δερματική προστασία.;;;;;;;Ομοιοπαθητική;5202888226106;;frezyderm/propolis-cream-5202888226106.jpg;https://www.frezyderm.gr/omoiopathitiki/proionta-olistikhs-frontidas/holistic-krema-propolh/;frezyderm.gr;Ακριβές (GTIN)
Frezyderm Hyaluronic Acid Booster Cr5 ml;;8,30;13,89;Προϊόν Frezyderm — FREZYDERM HYALURONIC ACID BOOSTER CR5 ml;;;;;;;Διάφορα;5202888273025;;frezyderm/face-serum-hyaluronic-acid-5202888273025.jpg;;;Χωρίς σελίδα
Frezyderm Hydroral Xero Spray;;5,77;9,02;Στοματικό σπρέι για την αντιμετώπιση της ξηροστομίας. Με σύνθεση που δρα αποτελεσματικά στην επαναφορά της φυσιολογικής λειτουργίας του σιελογόνου αδένα, ώστε να αποκατασταθεί η επιθυμητή επιλίπανση. Η ειδικευμένη του δράση καταπολεμά τα συμπτώματα ξηροστομίας και επαναφέρει τη φυσική ενυδάτωση. Αντιμετώπιση της ξηροστομίας Επαναφορά φυσιολογικών ημερήσιων επιπέδων σιέλου Επαναφορά και ενίσχυση της φυσικής ενυδάτωσης Καταπολέμηση μικροβιακής πλάκας;;;;;;;Στοματική Υγιεινή;5202888282089;;frezyderm/hydroral-xero-toothpaste-5202888282089.jpg;https://www.frezyderm.gr/proionta-gia-th-stomatikh-ygieinh/proionta-stomatikhs-ygieinhs-gia-enhlikes/proionta-kata-ths-kshrostomias/hydroral-xero-spray-sprei-kata-tis-xirostomias/;frezyderm.gr;Αυτόματο
Frezyderm Hydroral Xero Mouthwash;;5,30;8,87;Φθοριούχο στοματικό διάλυμα για την αντιμετώπιση της ξηροστομίας. Με καινοτόμο σύνθεση που επαναφέρει στα φυσιολογικά επίπεδα τη μειωμένη παραγωγή σιέλου που ευθύνεται για τα συμπτώματα ξηροστομίας. Συνδυάζεται ιδανικά με την HYDRORAL XERO TOOTHPASTE. Αντιμετώπιση της ξηροστομίας Αποκατάσταση φυσιολογικών ποσοστών σιελόρροιας Άμεση και παρατεταμένη ενυδάτωση Καταπολέμηση μικροβιακής πλάκας;;;;;;;Στοματική Υγιεινή;5202888282065;;frezyderm/hydroral-xero-mouthwash-5202888282065.jpg;https://www.frezyderm.gr/proionta-gia-th-stomatikh-ygieinh/proionta-stomatikhs-ygieinhs-gia-enhlikes/proionta-kata-ths-kshrostomias/hydroral-xero-mouthwash-stomatiko-dialuma-kata-tis-xirostomias/;frezyderm.gr;Αυτόματο
Frezyderm Hydroral Xero Toothpaste;;4,90;8,20;Οδοντόκρεμα για την αντιμετώπιση της ξηροστομίας. Η συνεργική δράση ειδικά επιλεγμένων συστατικών αποκαθιστά τη λειτουργία του σιελογόνου αδένα, επαναφέροντας και ενισχύοντας τη φυσική ενυδάτωση και ανακουφίζει από τα συμπτώματα της ξηροστομίας. Αντιμετώπιση της ξηροστομίας Άμεση και παρατεταμένη επιλίπανση στοματικής κοιλότητας Άμεση και παρατεταμένη ενυδάτωση Καταπολέμηση μικροβιακής πλάκας;;;;;;;Στοματική Υγιεινή;5202888281099;;frezyderm/hydroral-xero-toothpaste-5202888281099.jpg;https://www.frezyderm.gr/proionta-gia-th-stomatikh-ygieinh/proionta-stomatikhs-ygieinhs-gia-enhlikes/proionta-kata-ths-kshrostomias/hydroral-xero-toothpaste-odontokrema-kata-tis-xirostomias/;frezyderm.gr;Αυτόματο
Frezyderm Ice Eyes Stick;;23,90;40,01;Αντιρυτιδικό hydrogel που εφαρμόζεται στην περιοχή των ματιών απευθείας από την κατάψυξη, για άμεσο age freezer αποτέλεσμα. Με καινοτόμο φόρμουλα που συνδυάζει ειδικό πεπτίδιο και δραστικά φυτικής προέλευσης και προσφέρει ταχεία μείωση των μόνιμων και παροδικών οιδημάτων (σακούλες) στην περιοχή γύρω από τα μάτια, ενεργοποιώντας τους μηχανισμούς αποσυμφόρησης. Οι μαύροι κύκλοι μειώνονται, χαρίζοντας φωτεινότητα και ξεκούραστη όψη, οι ρυτίδες λειαίνονται και το δέρμα ανορθώνεται και αναδομείται. -30% Μαύροι κύκλοι (μετά από 2 μήνες εφαρμογής)* +30% Ελαστικότητα δέρματος (από την 30η ημέρα εφαρμογής)* Freeze it. Feel it. Glow. Η αντιγηραντική δράση του hydrogel συνδυάζεται με την ανακουφιστική ιδιότητα του πάγου για μία ολιστική φροντίδα της περιοχής των ματιών κι ένα άμεσα ξεκούραστο, νεανικό βλέμμα. • Μπορεί να εφαρμοστεί και σε όλο το πρόσωπο • Αποψύχεται και επανακαταψύχεται, διατηρώντας τις ιδιότητές του • Δερματολογικά και οφθαλμολογικά ελεγμένο • Εξωτερική χρήση;;;;;;;Περιποίηση Προσώπου;5202888271380;;frezyderm/ice-eyes-stick-5202888271380.png;https://www.frezyderm.gr/proionta-peripoiisis-prosopou/proionta-peripoihshs-matiwn/antirutidiko-tzel-pagou-matiwn/;frezyderm.gr;Αυτόματο
Frezyderm Icy After Sun Face & Body, 200ml;;8,70;14,60;Frezyderm Icy After Sun reduces its temperature by at least 1.5oC in just 2 minutes! It features Dark CPD Block innovation that prevents the formation of fre...;;;;;;;Διάφορα;5202888222474;;frezyderm/icy-after-sun-face-body-200ml-online-pharmacy-ofarmakopoiosmou-gr-5202888222474.jpg;https://www.ofarmakopoiosmou.gr/en/frezyderm-icy-after-sun-face-body-200ml;ofarmakopoiosmou.gr;Χωρίς σελίδα
Frezyderm Intim Vaginal Douche Monodose ΞΥΔΙ pH 3.5;;4,48;8,20;Ενδοκολπικό καθαριστικό για την απομάκρυνση παθολογικών εκκρίσεων βακτηριακής προέλευσης που συνεπικουρεί την φαρμακευτική αγωγή. Διάλυμα κολπικής πλύσης σε μονοδόση για τον καθαρισμό του κόλπου από παθολογικές εκκρίσεις βακτηριακής προέλευσης. Το Ξύδι ρυθμίζει το pH του κόλπου όταν αυξάνεται παθολογικά λόγω βακτηριακής κολπίτιδας. Ενισχύει την παράλληλη φαρμακευτική αγωγή. Τοξικολογικά Test Ασφάλειας Σύμφωνα με το ISO 10993-1:2018;;;;;;;Ευαίσθητη Περιοχή;5202888223143;;frezyderm/intim-vaginal-douche-monodose-ph-3-5-5202888223143.jpg;https://www.frezyderm.gr/peripoihsh-euaisthhths-perioxhs/endokolpikos-katharismos/intim-ksudi-ph-3-5-endokolpiko-katharistiko/;frezyderm.gr;Χειροκίνητο
Frezyderm Immuno Defence, 30caps;;18,90;31,60;Συμπλήρωμα διατροφής για την ενίσχυση του ανοσοποιητικού συστήματος.;;;;;;;Διάφορα;5202888331558;;frezyderm/immuno-defence-30caps-ofarmakopoiosmou-gr-5202888331558.jpg;https://www.ofarmakopoiosmou.gr/frezyderm-immuno-defence-30caps;ofarmakopoiosmou.gr;Χωρίς σελίδα
Frezyderm Infant Sun Care Spf 50+;;14,04;23,50;Αντηλιακό γαλάκτωμα προσώπου και σώματος για νήπια, που προσφέρει αποτελεσματική πολύ υψηλή ηλιοπροστασία μόνο με φυσικά φίλτρα. Δημιουργεί ένα αδιάβροχο φιλμ προστασίας με γαλάζιο φυτικό χρώμα, που υποδεικνύει την ακριβή περιοχή εφαρμογής. Παράλληλα, η εμπλουτισμένη του σύνθεση με χαμομήλι, προστατεύει από την αφυδάτωση και τους ερεθισμούς. Απορροφάται άμεσα και δεν αφήνει λευκή ή γαλάζια χροιά.;;;;;;;Φροντίδα Μωρού;5202888271212;;frezyderm/infant-sun-care-spf-50-5202888271212.jpg;https://www.frezyderm.gr/frontida-mwrou/brefika-antiliaka/infant-sun-care-spf-50-brefiko-antiliako/;frezyderm.gr;Ακριβές (GTIN)
Frezyderm Instant Lifting Serum 15ml;;29,70;49,72;Frezyderm Instant Lifting Serum 15ml - Ορός Άμεσης Σύσφιξης για το Πρόσωπο;;;;;;;Διάφορα;5202888271205;5200888271201;frezyderm/instant-lifting-serum-15ml-pharm24-gr-5202888271205.jpg;https://www.pharm24.gr/frezyderm-instant-lifting-serum-15ml-p-4418.html;pharm24.gr;Χωρίς σελίδα
Frezyderm Intim Aid Cleanser;;12,61;18,00;Εξειδικευμένο καθαριστικό της ευαίσθητης περιοχής, που χρησιμοποιείται σε περιπτώσεις τοπικών ερεθισμών και διαταραχών της αιδοιοκολπικής περιοχής. Προσφέρει αποτελεσματικό, απαλό καθαρισμό και επαναφέρει το όξινο pH της ευαίσθητης περιοχής. Μειώνει τις δυσάρεστες οσμές, την αίσθηση δυσφορίας από εκκρίσεις υγρών, ενώ ενισχύει τη φυσική άμυνα της περιοχής. Μπορεί να χρησιμοποιηθεί και από τους δύο συντρόφους και συνεπικουρεί φαρμακευτικές αγωγές.;;;;;;;Ευαίσθητη Περιοχή;5202888223167;;frezyderm/intim-aid-cleanser-5202888223167.jpg;https://www.frezyderm.gr/peripoihsh-euaisthhths-perioxhs/katharismos/intim-aid-cleanser-katharistiko-euaisthhths-perioxhs/;frezyderm.gr;Ακριβές (GTIN)
Frezyderm Intim Aid Cleanser;;13,60;19,50;Εξειδικευμένο καθαριστικό της ευαίσθητης περιοχής, που χρησιμοποιείται σε περιπτώσεις τοπικών ερεθισμών και διαταραχών της αιδοιοκολπικής περιοχής. Προσφέρει αποτελεσματικό, απαλό καθαρισμό και επαναφέρει το όξινο pH της ευαίσθητης περιοχής. Μειώνει τις δυσάρεστες οσμές, την αίσθηση δυσφορίας από εκκρίσεις υγρών, ενώ ενισχύει τη φυσική άμυνα της περιοχής. Μπορεί να χρησιμοποιηθεί και από τους δύο συντρόφους και συνεπικουρεί φαρμακευτικές αγωγές.;;;;;;;Ευαίσθητη Περιοχή;5202888223198;;frezyderm/intim-aid-cleanser-5202888223198.jpg;https://www.frezyderm.gr/peripoihsh-euaisthhths-perioxhs/katharismos/intim-aid-cleanser-katharistiko-euaisthhths-perioxhs/;frezyderm.gr;Αυτόματο
Frezyderm Intim Aid Cranberry Foam;;5,98;10,01;Πλούσιος αφρός καθαρισμού και φροντίδας της ευαίσθητης περιοχής. Διαθέτει εξειδικευμένη σύνθεση που συνεπικουρεί στη φροντίδα του ουροποιητικού συστήματος και είναι ιδανικός για περιόδους διαταραχών του και για την πρόληψη αυτών. Τα συστατικά στοχευμένης δράση που περιέχει δρουν σε απόλυτη συνέργεια: Το Κράνμπερι και η Μαννόζη παρεμποδίζουν τον σχηματισμό βακτηριακών αποικιών Η Εχινάκεια αυξάνει τη βακτηριακή προστασία και ενδυναμώνει την αυτοάμυνα της ευαίσθητης περιοχής. Η Ξυλιτόλη και τα Πρεβιοτικά προστατεύουν το φυσικό μικροβίωμα της ευαίσθητης περιοχής (L. Rhamnosus, L. acidophilus) και ενισχύουν τη φυσική της άμυνα. Εξωτερική χρήση;Κατάλληλο για άνδρες και γυναίκες · Δερματολογικά ελεγμένο;;;;;;Ευαίσθητη Περιοχή;5202888223235;;frezyderm/intim-aid-cranberry-foam-5202888223235.jpg;https://www.frezyderm.gr/peripoihsh-euaisthhths-perioxhs/katharismos/intim-aid-cranberry-foam-afros-katharismou-gia-euaisthiti-periohi-ph5/;frezyderm.gr;Αυτόματο
Frezyderm Intim Aid Soda Foam;;5,98;10,01;Ειδικός αφρός καθαρισμού με υψηλό pH (9.0) ιδανικός για τις ανάγκες της ευαίσθητης περιοχής σε περίοδο αυξημένης φροντίδας. Καθώς εξισορροπεί το pH της περιγεννητικής περιοχής, είναι ιδανικός για εφαρμογή συνδυαστικά με αντιμυκητιασικές αγωγές και χαρίζει υγιεινή και προστασία. Διαθέτει εξειδικευμένη σύνθεση με ενεργά στοχευμένης και αποτελεσματικής δράσης: 1)Σόδα που ρυθμίζει το pH του κόλπου, όταν μειώνεται παθολογικά λόγω μυκητιασικής κολπίτιδας και ενισχύει την παράλληλη φαρμακευτική αγωγή. 2) Εχινάκεια που αυξάνει τη βακτηριακή προστασία και ενδυναμώνει την αυτοάμυνα της ευαίσθητης περιοχής. 3) Ξυλιτόλη & β-γλυκάνη που προστατεύουν τη φυσιολογική χλωρίδα και ενισχύουν τη φυσική άμυνα της ευαίσθητης περιοχής. Εξωτερική χρήση;Δερματολογικά ελεγμένο;;;;;;Ευαίσθητη Περιοχή;5202888223211;;frezyderm/intim-vaginal-douche-monodose-ph-9-5202888223211.jpg;https://www.frezyderm.gr/peripoihsh-euaisthhths-perioxhs/katharismos/intim-aid-soda-foam-afros-katharismou-ph-90-/;frezyderm.gr;Αυτόματο
Frezyderm Intim Area Menopause Foam;;12,61;18,00;Αφρός εξειδικευμένης σύνθεσης με ειδικά προσαρμοσμένο pH στο κολπικό pH της περιόδου της εμμηνόπαυσης. Προσφέρει καθαρισμό και περιποίηση της ευαίσθητης περιοχής με ειδικά μελετημένα συστατικά αποτελεσματικής δράσης: Ήπια επιφανειοδραστικά χωρίς θειϊκά άλατα για απαλό καθαρισμό και σεβασμό του υδρολιπιδικού μανδύα της επιδερμίδας Υαλουρονικό οξύ και Πανθενόλη για ενυδάτωση και προστασία Εξειδικευμένοι πρεβιοτικοί παράγοντες που διατηρούν την ισορροπία του μικροβιώματος της ευαίσθητης περιοχής και ενισχύουν την άμυνά της. Ειδικό τοξικολογικό τεστ ασφάλειας Εξωτερική χρήση;Δερματολογικά ελεγμένο;;;;;;Ευαίσθητη Περιοχή;5202888100093;5202888227967;frezyderm/intim-area-menopause-foam-5202888100093.jpg;https://www.frezyderm.gr/peripoihsh-euaisthhths-perioxhs/katharismos/intim-area-menopause-foam-afros-katharismou-ph-70-/;frezyderm.gr;Αυτόματο
Frezyderm Intim Area Menopause Foam;;13,60;19,46;Αφρός εξειδικευμένης σύνθεσης με ειδικά προσαρμοσμένο pH στο κολπικό pH της περιόδου της εμμηνόπαυσης. Προσφέρει καθαρισμό και περιποίηση της ευαίσθητης περιοχής με ειδικά μελετημένα συστατικά αποτελεσματικής δράσης: Ήπια επιφανειοδραστικά χωρίς θειϊκά άλατα για απαλό καθαρισμό και σεβασμό του υδρολιπιδικού μανδύα της επιδερμίδας Υαλουρονικό οξύ και Πανθενόλη για ενυδάτωση και προστασία Εξειδικευμένοι πρεβιοτικοί παράγοντες που διατηρούν την ισορροπία του μικροβιώματος της ευαίσθητης περιοχής και ενισχύουν την άμυνά της. Ειδικό τοξικολογικό τεστ ασφάλειας Εξωτερική χρήση;Δερματολογικά ελεγμένο;;;;;;Ευαίσθητη Περιοχή;5202888223174;;frezyderm/intim-area-menopause-foam-5202888223174.jpg;https://www.frezyderm.gr/peripoihsh-euaisthhths-perioxhs/katharismos/intim-area-menopause-foam-afros-katharismou-ph-70-/;frezyderm.gr;Αυτόματο
Frezyderm Intim Area Liquid;;9,79;14,01;Υγρό για τον καθημερινό αποτελεσματικό καθαρισμό, την υγιεινή και την περιποίηση της ευαίσθητης περιοχής κατά την αναπαραγωγική ηλικία. Προστατεύει από την τοπική ξηρότητα, τους ερεθισμούς και την τοπική δυσανεξία και ενισχύει τη φυσική άμυνα της ευαίσθητης περιοχής ενώ προσφέρει και βακτηριακή προστασία. Είναι ιδανικό για την περιποίηση της περιοχής μετά το κολύμπι σε θάλασσα ή πισίνα. Ειδικό Τοξικολογικό Τεστ Ασφάλειας;;;;;;;Ευαίσθητη Περιοχή;5202888227110;;frezyderm/intim-area-liquid-5202888227110.jpg;https://www.frezyderm.gr/peripoihsh-euaisthhths-perioxhs/katharismos/intim-area-liquid-katharistiko-euaisthhths-perioxhs/;frezyderm.gr;Αυτόματο
Frezyderm Intim Area Liquid;;10,78;15,43;Υγρό για τον καθημερινό αποτελεσματικό καθαρισμό, την υγιεινή και την περιποίηση της ευαίσθητης περιοχής κατά την αναπαραγωγική ηλικία. Προστατεύει από την τοπική ξηρότητα, τους ερεθισμούς και την τοπική δυσανεξία και ενισχύει τη φυσική άμυνα της ευαίσθητης περιοχής ενώ προσφέρει και βακτηριακή προστασία. Είναι ιδανικό για την περιποίηση της περιοχής μετά το κολύμπι σε θάλασσα ή πισίνα. Ειδικό Τοξικολογικό Τεστ Ασφάλειας;;;;;;;Ευαίσθητη Περιοχή;5202888223181;;frezyderm/intim-area-liquid-5202888223181.jpg;https://www.frezyderm.gr/peripoihsh-euaisthhths-perioxhs/katharismos/intim-area-liquid-katharistiko-euaisthhths-perioxhs/;frezyderm.gr;Αυτόματο
Frezyderm Intim Area Wipes;;3,08;5,16;Πρακτικά μαντήλια καθαρισμού για την καθημερινή υγιεινή της ευαίσθητης και περιπρωκτικής περιοχής κατά την αναπαραγωγική ηλικία. Προσφέρουν ήπιο καθαρισμό και προστασία από ερεθισμούς, ξηρότητα και τοπική δυσανεξία. Διαθέτουν ειδικά μελετημένη σύνθεση που ενισχύει την άμυνα της περιοχής και προσφέρουν βακτηριακή προστασία. Το κουτί περιέχει 20 μαντήλια σε ατομική συσκευασία. Ειδικό Τοξικολογικό Τεστ Ασφάλειας;;;;;;;Ευαίσθητη Περιοχή;5202888227141;5202888227295;frezyderm/intim-area-wipes-5202888227141.jpg;https://www.frezyderm.gr/peripoihsh-euaisthhths-perioxhs/katharismos/intim-area-wipes-manthlakia-katharismou/;frezyderm.gr;Αυτόματο
Frezyderm Intim Vaginal Douche Monodose ΣΟΔΑ pH 9;;3,80;6,40;Ενδοκολπικό καθαριστικό για την απομάκρυνση παθολογικών εκκρίσεων μυκητιασικής προέλευσης που συνεπικουρεί την φαρμακευτική αγωγή. Διάλυμα κολπικής πλύσης σε μονοδόση για τον καθαρισμό του κόλπου από παθολογικές εκκρίσεις μυκητιασικής προέλευσης ή λευκόρροιας. Η Σόδα προσφέρει ρύθμιση του pH του κόλπου όταν μειώνεται παθολογικά λόγω μυκητιασικής κολπίτιδας. Τοξικολογικά Test Ασφάλειας Σύμφωνα με το ISO 10993-1:2018;;;;;;;Ευαίσθητη Περιοχή;5202888223129;;frezyderm/intim-vaginal-douche-monodose-ph-9-5202888223129.jpg;https://www.frezyderm.gr/peripoihsh-euaisthhths-perioxhs/endokolpikos-katharismos/intim-soda-ph-9-endokolpiko-katharistiko/;frezyderm.gr;Αυτόματο
Frezyderm Intim Vaginal Douche Monodose ΧΑΜΟΜΗΛΙ pH 4.5;;4,65;7,80;Ενδοκολπικό καθαριστικό για την ενίσχυση της φυσιολογικής χλωρίδας, τη ρύθμιση του κολπικού pΗ και την προσωπική υγιεινή. Διάλυμα κολπικής πλύσης σε μονοδόση για τον καθαρισμό του κόλπου από εκκρίσεις, υπολείμματα περιόδου ή αντισυλληπτικής γέλης. Ανακουφίζει από φλεγμονές, ερεθισμούς, κνησμό και καύσο. Τοξικολογικά Test Ασφάλειας Σύμφωνα με το ISO 10993-1:2018;;;;;;;Ευαίσθητη Περιοχή;5202888223136;;frezyderm/intim-vaginal-douche-monodose-ph-4-5-5202888223136.jpg;https://www.frezyderm.gr/peripoihsh-euaisthhths-perioxhs/endokolpikos-katharismos/intim-xamomhli-ph-4-5-endokolpiko-katharistiko/;frezyderm.gr;Αυτόματο
Frezyderm Intim Aid Cleanser;;11,30;18,92;Εξειδικευμένο καθαριστικό της ευαίσθητης περιοχής, που χρησιμοποιείται σε περιπτώσεις τοπικών ερεθισμών και διαταραχών της αιδοιοκολπικής περιοχής. Προσφέρει αποτελεσματικό, απαλό καθαρισμό και επαναφέρει το όξινο pH της ευαίσθητης περιοχής. Μειώνει τις δυσάρεστες οσμές, την αίσθηση δυσφορίας από εκκρίσεις υγρών, ενώ ενισχύει τη φυσική άμυνα της περιοχής. Μπορεί να χρησιμοποιηθεί και από τους δύο συντρόφους και συνεπικουρεί φαρμακευτικές αγωγές.;;;;;;;Ευαίσθητη Περιοχή;5202888102189;;frezyderm/intim-aid-cleanser-5202888102189.jpg;https://www.frezyderm.gr/peripoihsh-euaisthhths-perioxhs/katharismos/intim-aid-cleanser-katharistiko-euaisthhths-perioxhs/;frezyderm.gr;Αυτόματο
Frezyderm Intimeo®;;13,42;22,50;Οι Γαλακτοβάκιλλοι αποτελούν τα επικρατούντα βακτήρια που εντοπίζονται στον κόλπο υγιών γυναικών αναπαραγωγικής ηλικίας και προέρχονται κυρίως από εντερικά μικροβιώματα. Το ορθόν αποτελεί δεξαμενή βακτηριακών ειδών για τον κολπικό αποικισμό και υπάρχουν ομοιότητες στην παρουσία και την πυκνότητα αποικιών ανά περιοχή. Το Intimeo® είναι ένα συμπλήρωμα διατροφής σε μορφή καψακίων. Κάθε καψάκιο Intimeo® περιέχει τουλάχιστον 2,5 δισεκατομμύρια ζώντα στελέχη γαλακτοβακίλλων κατά την ημερομηνία λήξης: 1. L. crispatus LBV88 (DSM 22566) 2. L. rhamnosus LBV96 (DSM 22560) 3. L. gasseri LBV150 (DSM 22583) 4. L. jensenii LBV116 (DSM 22567) Ημερήσια συνιστώμενη δοσολογία: Ημερησίως 2 καψάκια μαζί, κατά προτίμηση πριν από το γεύμα. Αρ. Γνωστοποίησης ΕΟΦ: 66576/25.06.2020. Δεν επέχει θέση άδειας κυκλοφορίας.;;;;;;;Συμπληρώματα Διατροφής;5202888106194;;frezyderm/intimeo-5202888106194.jpg;https://www.frezyderm.gr/sumplhrwmata-diatrofis/symplirwmata-diatrofhs-gia-tin-kolpikh-xlwrida/intimeo-symplhrwma-diatrofhs-gia-thn-kolpikh-xlwrida/;frezyderm.gr;Χειροκίνητο
Frezyderm Kids Sun Care Cream Spray Spf 50+;;17,07;28,60;Παιδικό αντηλιακό spray πολύ υψηλής ηλιοπροστασίας σε μορφή ψεκάσιμης κρέμας. Χάρη στην καινοτομία αναστροφής φάσης Switch-Οil Phase Technology σε συνδυασμό με την ειδική αντλία στοχευμένου ψεκασμού μετατρέπει την κρέμα σε μικροσταγονίδια για ομοιόμορφη και ταχύτερη εφαρμογή. Δημιουργεί ένα υδρόφοβο προστατευτικό φιλμ με τις ενυδατικές και περιποιητικές ιδιότητες μιας κρέμας. Mε σύνθεση εμπλουτισμένη με ενεργά υψηλής αντιοξειδωτικής προστασίας, για την προφύλαξη και την αποκατάσταση της ευαίσθητης παιδικής επιδερμίδας από την επιβλαβή δράση της ηλιακής ακτινοβολίας.;;;;;;;Αντηλιακά;5202888222450;;frezyderm/kids-sun-care-cream-spray-spf-50-5202888222450.png;https://www.frezyderm.gr/adiliaka/paidika-adiliaka/kids-sun-care-cream-spray-spf-50-paidiko-anthliako/;frezyderm.gr;Αυτόματο
Frezyderm Sensitive Kids Deodorant Cream;;4,98;8,90;Παιδικό αποσμητικό για την προσρόφηση των οσμών και του ιδρώτα που συχνά εμφανίζονται στην παιδική/προεφηβική/εφηβική ηλικία. Με υβριδική deodorant formula έξυπνων ενεργών μικροσπόγγων σε μια ενυδατική κρέμα που σέβεται την ισορροπία του δερματικού μικροβιώματος και την ευαίσθητη παιδική και εφηβική επιδερμίδα. Περιέχει μοναδικό συνδυασμό ενεργών συστατικών που δρουν σε απόλυτη συνέργεια για την αποτελεσματική μείωση των οσμών του σώματος και την απορρόφηση του σμήγματος και άλλων λιπαρών συστατικών του ιδρώτα στα οποία οφείλεται η οσμή. - Δεν φράσσει τους πόρους και δεν παρεμποδίζει τη διαπνοή του δέρματος. - Δεν αφήνει λεκέδες στα ρούχα. - Δερματολογικά ελεγμένο 1.(20 εθελοντές: 10 έφηβοι – 10 ενήλικες, 2 φορές την ημέρα /28 ημέρες). Όλοι οι συμμετέχοντες ανέφεραν καλή αίσθηση εφαρμογής και αποτελεσματικότητα (ΒΙΟ 208-21 2109G20F-1, Bio Basic Europe SrI). Dermo-Clinical Research Institute-Bio Basic Europe-University of Pavia. Study of the effect and cosmetic properties of a product through evaluations and instrumental analysis performed by professionals under medical supervision and consumer self-assessments.;;;;;;;Περιποίηση Σώματος;5202888230165;;frezyderm/sensitive-kids-deodorant-cream-5202888230165.jpg;https://www.frezyderm.gr/peripoiisi-somatos/aposmhtika-gia-paidia-enhlikes/sensitive-kids-deodorant-cream-aposmhtiko-gia-paidia/;frezyderm.gr;Χειροκίνητο
Frezyderm Kids Sun Care Spf 50+ Wet Skin Spray;;15,51;25,96;Παιδικό αντηλιακό spray πολύ υψηλής προστασίας που ψεκάζεται απευθείας και σε βρεγμένο δέρμα. Δεν απαιτείται σκούπισμα της επιδερμίδας πριν την εφαρμογή και έτσι δεν χρειάζεται να διακόπτεται το παιχνίδι ή η αθλητική δραστηριότητα των παιδιών στη θάλασσα και την παραλία. Έχει στοχευμένο ψεκασμό για εύκολη εφαρμογή ακόμα και σε συνθήκες ισχυρού ανέμου. Με λεπτόρρευστη, διάφανη, υγρή σύνθεση που δεν αφήνει λευκά ίχνη.;;;;;;;Παιδική Περιποίηση;5202888222269;;frezyderm/kids-sun-care-spf-50-wet-skin-spray-5202888222269.jpg;https://www.frezyderm.gr/proionta-paidikhs-peripoihshs/paidika-anthliaka/kids-sun-care-spf-50-paidiko-anthliako-sprei/;frezyderm.gr;Αυτόματο
Frezyderm Kids Sun Care Spf 50+ Wet Skin Spray;;15,51;25,96;Παιδικό αντηλιακό spray πολύ υψηλής προστασίας που ψεκάζεται απευθείας και σε βρεγμένο δέρμα. Δεν απαιτείται σκούπισμα της επιδερμίδας πριν την εφαρμογή και έτσι δεν χρειάζεται να διακόπτεται το παιχνίδι ή η αθλητική δραστηριότητα των παιδιών στη θάλασσα και την παραλία. Έχει στοχευμένο ψεκασμό για εύκολη εφαρμογή ακόμα και σε συνθήκες ισχυρού ανέμου. Με λεπτόρρευστη, διάφανη, υγρή σύνθεση που δεν αφήνει λευκά ίχνη.;;;;;;;Παιδική Περιποίηση;5202888222429;;frezyderm/kids-sun-care-spf-50-wet-skin-spray-5202888222429.jpg;https://www.frezyderm.gr/proionta-paidikhs-peripoihshs/paidika-anthliaka/kids-sun-care-spf-50-paidiko-anthliako-sprei/;frezyderm.gr;Αυτόματο
Frezyderm Kids Sun Care Spf 50+ Wet Skin Spray;;15,51;25,96;Παιδικό αντηλιακό spray πολύ υψηλής προστασίας που ψεκάζεται απευθείας και σε βρεγμένο δέρμα. Δεν απαιτείται σκούπισμα της επιδερμίδας πριν την εφαρμογή και έτσι δεν χρειάζεται να διακόπτεται το παιχνίδι ή η αθλητική δραστηριότητα των παιδιών στη θάλασσα και την παραλία. Έχει στοχευμένο ψεκασμό για εύκολη εφαρμογή ακόμα και σε συνθήκες ισχυρού ανέμου. Με λεπτόρρευστη, διάφανη, υγρή σύνθεση που δεν αφήνει λευκά ίχνη.;;;;;;;Παιδική Περιποίηση;1111111021194;5202888102554;frezyderm/kids-sun-care-spf-50-wet-skin-spray-1111111021194.jpg;https://www.frezyderm.gr/proionta-paidikhs-peripoihshs/paidika-anthliaka/kids-sun-care-spf-50-paidiko-anthliako-sprei/;frezyderm.gr;Αυτόματο
Frezyderm Sun Screen Velvet Body Lotion Spf 50+;;17,07;28,60;Η προστασία από τον ήλιο δεν χωρά διαπραγματεύσεις. Το πρωτοποριακό διάφανο αντηλιακό σώματος προσφέρει πολύ υψηλή προστασία με βελούδινη, υπερ-ανάλαφρη υφή που απλώνεται εύκολα και γρήγορα στο δέρμα, χωρίς τριβή. ΑΠΟΚΛΕΙΣΤΙΚΗ ΚΑΙ ΚΑΤΟΧΥΡΩΜΕΝΗ ΠΑΤΕΝΤΑ ΤΗΣ FREZYDERΜ Τεχνολογία Second Skin ΕΝΑ ΕΚΠΛΗΚΤIΚΑ ΒΕΛΟΥΔΙΝΟ, ΑΝΑΛΑΦΡΟ, ΔΙΑΦΑΝΟ ΠΕΠΛΟ ΣΤΟ ΔΕΡΜΑ Το αντηλιακό σώματος που άλλαξε τον χάρτη της ηλιοπροστασίας έχει ως σήμα κατατεθέν του τη διάφανη σύνθεση με την υπέροχη βελούδινη υφή που απλώνεται σαν αόρατο δεύτερο δέρμα. ΔΕΝ ΑΦΗΝΕΙ ΛΙΠΑΡΟΤΗΤΑ Έχει μη λιπαρή σύνθεση που επιτρέπει στο δέρμα να αναπνέει και δεν δημιουργεί ασφυκτικό φιλμ. αλλά και στις ανοιξιάτικες και καλοκαιρινές βόλτες. ΠΡΟΗΓΜΕΝΑ ΑΝΤΗΛΙΑΚΑ ΦΙΛΤΡΑ Η σύνθεση του με νεότερης τεχνολογίας φωτοσταθερά αντηλιακά φίλτρα προσφέρει πολύ υψηλή προστασία ευρέος φάσματος (UVA, UVB, Μπλε Φως που εκπέμπουν οι οθόνες και IR ακτινοβολία). ΑΡΙΣΤΗ ΚΑΤΑΝΟΜΗ & ΥΨΗΛΗ ΑΓΚΙΣΤΡΩΣΗ ΤΩΝ ΑΝΤΗΛΙΑΚΩΝ ΦΙΛΤΡΩΝ Η τεχνολογία Second Skin κατανέμει ομοιόμορφα τα φίλτρα στην επιδερμίδα, εύκολα και άμεσα, χωρίς να χρειάζεται τριβή κατά την επάλειψη. Τα φίλτρα αγκιστρώνονται ισχυρά στο δέρμα για υψηλή ανθεκτικότητα στο νερό και τον ιδρώτα και πιο αποτελεσματική προστασία από την ηλιακή ακτινοβολία. ΜΕ ΣΕΒΑΣΜΟ ΣΤΟΝ ΑΝΘΡΩΠΟ ΚΑΙ ΤΟ ΠΕΡΙΒΑΛΛΟΝ Η Τεχνολογία Second Skin εξασφαλίζει υψηλή αγκίστρωση των φίλτρων στο δέρμα, κι έτσι: - Δεν διεισδύουν στις βαθύτερες στιβάδες της επιδερμίδας1 - Δεν εισχωρούν στην κυκλοφορία του αίματος1 - Δεν απομακρύνονται και δεν ανιχνεύονται στο θαλασσινό νερό2, διαφυλάσσοντας το θαλάσσιο περιβάλλον Ανθεκτικό στο νερό Η προστασία ολοκληρώνεται με το αντηλιακό προσώπου SUN SCREEN VELVET. 1. Μελέτη και αξιολόγηση διαπερατότητας UV-φίλτρων αντηλιακών Velvet Second Skin Technology SPF50+ & Color Velvet Second Skin Technology SPF50+ (FREZYDERM) από ανθρώπινο δέρμα. 2. Μελέτη προσδιορισμού περιβαλλοντικού αποτυπώματος- Προσδιορισμός αντηλιακών φίλτρων των αντηλιακών Velvet Second Skin Technology SPF50+ & Color Velvet Second Skin Technology SPF50+ (FREZYDERM) στο θαλασσινό νερό.;Ιδανικό για καθημερινή χρήση, όχι μόνο στην παραλία · Δερματολογικά ελεγμένο;;;;;;Αντηλιακά;5202888222436;;frezyderm/sun-screen-velvet-body-lotion-spf-50-5202888222436.jpg;https://www.frezyderm.gr/adiliaka/adiliaka-somatos/antiliako-swmatos-velvet/;frezyderm.gr;Για έλεγχο
Frezyderm Lice Free Set;;9,56;16,01;Ειδική αγωγή για την εξάλειψη των ψειρών Το σύστημα περιλαμβάνει: -Εξειδικευμένο σαμπουάν -Δραστική λοσιόν -Ειδική χτένα Αποτελεσματικό-Ασφαλές Γρήγορο-Εύκολο στην χρήση;Χωρίς τοξικά βιοκτόνα;;;;;;Παιδική Περιποίηση;5202888221996;;frezyderm/lice-free-set-5202888221996.jpg;https://www.frezyderm.gr/proionta-paidikhs-peripoihshs/antiftheirika-gia-paidia/proionta-gia-pseires-lice-free-set/;frezyderm.gr;Αυτόματο
Frezyderm Lice Rep Extreme Spray;;9,11;15,30;Προληπτική αντιφθειρική λοσιόν για καθημερινή χρήση. Χαρίζει απαλότητα και λάμψη. Δεν λαδώνει τα μαλλιά. Χρησιμοποιείτε τo Lice Rep Extreme Spray με ασφαλή τρόπο. Να διαβάζετε πάντα την ετικέτα και τις πληροφορίες για το προϊόν πριν τη χρήση.;;;;;;;Παιδική Περιποίηση;5202888224270;5202888224249;frezyderm/lice-rep-extreme-spray-5202888224270.jpg;https://www.frezyderm.gr/proionta-paidikhs-peripoihshs/antiftheirika-gia-paidia/lice-rep-lotion-gia-pseires/;frezyderm.gr;Ακριβές (GTIN)
Frezyderm Lice Rep Extreme Spray;;10,65;17,80;Προληπτική αντιφθειρική λοσιόν για καθημερινή χρήση. Χαρίζει απαλότητα και λάμψη. Δεν λαδώνει τα μαλλιά. Χρησιμοποιείτε τo Lice Rep Extreme Spray με ασφαλή τρόπο. Να διαβάζετε πάντα την ετικέτα και τις πληροφορίες για το προϊόν πριν τη χρήση.;;;;;;;Παιδική Περιποίηση;5202888224904;;frezyderm/lice-rep-extreme-spray-5202888224904.jpg;https://www.frezyderm.gr/proionta-paidikhs-peripoihshs/antiftheirika-gia-paidia/lice-rep-lotion-gia-pseires/;frezyderm.gr;Αυτόματο
Frezyderm Macrogol Adults 3350;;8,29;13,88;Σκόνη για πόσιμο διάλυμα, για τη συμπτωματική θεραπεία της δυσκοιλιότητας σε ενήλικες. Προάγει την περίσταλση, διευκολύνοντας την επαρκή εντερική κένωση για την αντιμετώπιση της δυσκοιλιότητας και την πρόληψη της ενσφήνωσης κοπράνων. Η Μακρογόλη είναι ένα αδρανές υδατοδιαλυτό πολυμερές με υψηλό μοριακό βάρος. Έχει την ικανότητα να δημιουργεί δεσμούς με το νερό που χρησιμοποιείται κατά τη λήψη, τους οποίους διατηρεί και εντός των κοπράνων. Ενισχύει την επανενυδάτωση και μαλακώνει τα κόπρανα, διευκολύνοντας την αφόδευση. Επιταχύνει την εντερική διέλευση, διεγείροντας την περίσταλση. Δεν απορροφάται ούτε μεταβολίζεται στο έντερο. Δεν διαταράσσει την ισορροπία των ηλεκτρολυτών εφόσον καταπίνεται με την ενδεδειγμένη δόση υγρού. ΣΗΜΑΝΤΙΚΟ: Αν εξακολουθείτε να μην αισθάνεστε καλύτερα έπειτα από 7 ημέρες θεραπείας, συνιστούμε να συμβουλευτείτε τον ιατρό σας.;;;;;;;Θεραπεία Δυσκοιλιότητας;5202888111006;;frezyderm/macrogol-adults-3350-5202888111006.jpg;https://www.frezyderm.gr/sumptwmatikh-therapeia-duskoiliotitas/macrogol-adults-3350-skoni-gia-duskoiliotita/;frezyderm.gr;Για έλεγχο
Frezyderm Macrogol Kids 3350;;7,65;12,81;Σκόνη για πόσιμο διάλυμα, για την συμπτωματική θεραπεία της δυσκοιλιότητας σε παιδιά. Προάγει την περίσταλση, διευκολύνοντας την επαρκή εντερική κένωση για την αντιμετώπιση της δυσκοιλιότητας και την πρόληψη της ενσφήνωσης κοπράνων. Η Μακρογόλη είναι ένα αδρανές υδατοδιαλυτό πολυμερές με υψηλό μοριακό βάρος. Έχει την ικανότητα να δημιουργεί δεσμούς με το νερό που χρησιμοποιείται κατά τη λήψη, τους οποίους διατηρεί και εντός των κοπράνων. Ενισχύει την επανενυδάτωση και μαλακώνει τα κόπρανα, διευκολύνοντας την αφόδευση. Επιταχύνει την εντερική διέλευση, διεγείροντας την περίσταλση. Δεν απορροφάται ούτε μεταβολίζεται στο έντερο. Δεν διαταράσσει την ισορροπία των ηλεκτρολυτών εφόσον καταπίνεται με την ενδεδειγμένη δόση υγρού. ΣΗΜΑΝΤΙΚΟ: Αν εξακολουθείτε να μην αισθάνεστε καλύτερα έπειτα από 7 ημέρες θεραπείας, συνιστούμε να συμβουλευτείτε τον ιατρό σας.;;;;;;;Θεραπεία Δυσκοιλιότητας;5202888111013;;frezyderm/macrogol-kids-3350-5202888111013.jpg;https://www.frezyderm.gr/sumptwmatikh-therapeia-duskoiliotitas/macrogol-kids-3350-skoni-gia-duskoiliotita-se-paidia/;frezyderm.gr;Για έλεγχο
Frezyderm Matte Effect Cream 50ml;;14,60;24,44;Προϊόν Frezyderm — FREZYDERM Matte Effect Cream 50ml;;;;;;;Διάφορα;5202888271229;;frezyderm/moisturizing-rich-micellar-water-50ml-5202888271229.png;;;Χωρίς σελίδα
Frezyderm Mediated Cream-Gel 50ml;;10,82;18,11;Προϊόν Frezyderm — FREZYDERM Mediated Cream-Gel 50ml;;;;;;;Διάφορα;5202888105074;;frezyderm/moisturizing-rich-micellar-water-50ml-5202888105074.png;;;Χωρίς σελίδα
Frezyderm Mediated Shampoo;;11,10;18,58;Σαμπουάν για την αντιμετώπιση της ξηρής πιτυρίδας. Η σύνθεσή του με φυτικά εκχυλίσματα και σαλικυλικό οξύ δρα αποτελεσματικά κατά της ξηρής πιτυρίδας, προστατεύει από ενδεχόμενες φλεγμονές και προσδίδει υγεία στο τριχωτό της κεφαλής.;Μελέτες αποτελεσματικότητας · Μελέτες αξιολόγησης ασφάλειας;;;;;;Περιποίηση Μαλλιών;5202888105067;;frezyderm/mediated-shampoo-5202888105067.jpg;https://www.frezyderm.gr/peripoiisi-mallion/sampouan/sampouan-gia-thn-piturida/mediated-shampoo-gia-kshrh-piturida/;frezyderm.gr;Ακριβές (GTIN)
Frezyderm Ac-Norm Micellar Water;;7,15;11,97;Υδατικό διάλυμα με αντιερεθιστικά συστατικά που αποκαθιστά τη δερματική ευεξία στο ταλαιπωρημένο δέρμα. Αφαιρεί αποτελεσματικά το σμήγμα και τα υπολείμματα των φαρμακευτικών προϊόντων, προσφέρει ενισχυμένη κερατολυτική δράση, μειώνει τη δερματική δυσανεξία και την αίσθηση «τραβήγματος».;Δερματολογικά ελεγμένο;;;;;;Περιποίηση Προσώπου;5202888271304;;frezyderm/ac-norm-micellar-water-5202888271304.jpg;https://www.frezyderm.gr/proionta-peripoiisis-prosopou/proionta-katharismou-liparou-dermatos-me-tash-akmhs/ac-norm-micellar-water-calming-lotion/;frezyderm.gr;Αυτόματο
Frezyderm Mild Wash Foam;;11,56;16,54;Πολύ απαλός αφρός καθαρισμού, ιδανικός για τη φυσιολογική καθώς και την ευαίσθητη επιδερμίδα. Προσφέρει αποτελεσματικό καθαρισμό και σέβεται τη φυσιολογία του δέρματος, ενώ είναι σε μορφή έτοιμου αφρού, που δεν απαιτεί τρίψιμο ή χρήση σφουγγαριού, για απαλό καθαρισμό χωρίς ερεθισμούς. Ταυτόχρονα, είναι εμπλουτισμένο με φυτικά δραστικά συστατικά για προστασία από ερεθισμούς και ενισχύει τη φυσιολογική άμυνα του δέρματος. Έχει ενυδατική και μαλακτική δράση για υψηλή φροντίδα ακόμη και της πολύ ευαίσθητης επιδερμίδας. Πρωτόκολλο In Vitro και Ex vivo σε swabs εθελοντών με διαγνωσμένο από Δερματολόγο Ευαίσθητο Δέρμα στην περιοχή του Προσώπου.;;;;;;;Περιποίηση Προσώπου;5202888100123;;frezyderm/mild-wash-foam-5202888100123.jpg;https://www.frezyderm.gr/proionta-peripoiisis-prosopou/katharismos-proswpou/katharistika-prosopou/apalos-afros-katharismou/;frezyderm.gr;Αυτόματο
Frezyderm Mild Wash Liquid;;8,99;12,90;Απαλό υγρό καθαρισμού για κανονικές και ευαίσθητες επιδερμίδες. Προσφέρει απαλό καθαρισμό και δεν προκαλεί ερεθισμούς. Ταυτόχρονα, ενισχύει τη φυσιολογική άμυνα του δέρματος, προστατεύει το δερματικό φραγμό, έχει ενυδατική και μαλακτική δράση και η δροσερή υφή του χαρίζει δερματική ευεξία. Είναι κατάλληλο μετά από αισθητικές επεμβάσεις, σε περιπτώσεις δερματίτιδας και δυσανεξίας στα κοινά αλκαλικά σαπούνια. Πρωτόκολλο In Vitro και Ex vivo σε swabs εθελοντών με διαγνωσμένο από Δερματολόγο Ευαίσθητο Δέρμα στην περιοχή του Προσώπου.;Δερματολογικά ελεγμένο · Τοξικολογικό τεστ ασφάλειας;;;;;;Περιποίηση Προσώπου;5202888223150;;frezyderm/mild-wash-liquid-5202888223150.jpg;https://www.frezyderm.gr/proionta-peripoiisis-prosopou/katharismos-proswpou/katharistika-prosopou/apalo-katharistiko-prosopou/;frezyderm.gr;Αυτόματο
Frezyderm Moisturizing 24H Cream;;14,94;25,00;Πολύ απαλή και δροσερή κρέμα για το πρόσωπο και το λαιμό, με σύνθεση εμπλουτισμένη με 3 φυτικά εκχυλίσματα και κεραμίδια ώστε να προσφέρει παρατεταμένη ενυδάτωση στην επιδερμίδα και ενίσχυση του κολλαγόνου και της ζωτικότητας του δέρματος. Παράλληλα, προστατεύει το DNA του δέρματος, προλαμβάνει τα σημάδια της φωτογήρανσης και παρέχει αντιοξειδωτική προστασία. Από την πρώτη εφαρμογή θα νιώσετε το δέρμα σας να ξεδιψά και να αποκτά την απαλότητα και την ελαστικότητα που αναζητά. Έχει λεπτόρρευστη, μη λιπαρή υφή, που απορροφάται άμεσα χωρίς να αφήνει ίχνη λιπαρότητας και αποτελεί εξαιρετική βάση μακιγιάζ. Δερματολογικά Ελεγμένη 50% Πιο ενυδατωμένο δέρμα ακόμα και 7 ώρες μετά την εφαρμογή*;;;;;;;Περιποίηση Προσώπου;5202888271007;;frezyderm/moisturizing-24h-cream-5202888271007.jpg;https://www.frezyderm.gr/proionta-peripoiisis-prosopou/kremes-prosopou/enudatikes-kremes-prosopou/enudatiki-krema-prosopou/;frezyderm.gr;Αυτόματο
Frezyderm Moisturizing Plus Cream;;17,72;29,70;Πλούσια και απαλή κρέμα για το πρόσωπο και το λαιμό, που προσφέρει δυναμική και σε βάθος ενυδάτωση στα 3 επίπεδα της επιδερμίδας, χάρη στο σύμπλεγμα 3 τύπων υαλουρονικού οξέος διαφορετικού βάρους και διαδερμικής διαβατότητας και τα φυτικά εκχυλίσματα που περιέχει. Μια πραγματική πηγή ενυδάτωσης για τη διψασμένη επιδερμίδα σας που προστατεύει το DNA του δέρματος από το οξειδωτικό stress. Παράλληλα, ενεργοποιεί τους μηχανισμούς γονιδιακής έκφρασης του δέρματος και αυξάνει την παραγωγή ινών κολλαγόνου και ελαστίνης, με αποτέλεσμα οι πρώτες λεπτές γραμμές να μειώνονται, η επιδερμίδα να είναι πιο σφριγηλή και να αυξάνεται η ελαστικότητα του δέρματος. Είναι η καθημερινή απολαυστική περιποίηση του δέρματος. Δερματολογικά Ελεγμένη 112% Αύξηση σύνθεσης κολλαγόνου* 7,5% Αύξηση ενυδάτωσης επιδερμίδας σε 2 εβδομάδες** **Οργανομετρική αξιολόγηση, 20 γυναίκες 45-65 ετών, 2 εβδομάδες.;;;;;;;Περιποίηση Προσώπου;5202888271014;;frezyderm/moisturizing-plus-cream-5202888271014.jpg;https://www.frezyderm.gr/proionta-peripoiisis-prosopou/kremes-prosopou/enudatikes-kremes-prosopou/enudatiki-krema-prosopou-kai-laimou/;frezyderm.gr;Αυτόματο
Frezyderm Moisturizing Rich Cream;;18,34;27,62;Πολύ πλούσια και απολαυστική κρέμα για την ενυδάτωση της έντονα ξηρής και αφυδατωμένης ώριμης επιδερμίδας του προσώπου και του λαιμού. Η καθημερινή χρήση της ενισχύει και βελτιώνει τη δερματική δομή, αυξάνει την πυκνότητα και την ελαστικότητα της λεπτής, εύθραυστης επιδερμίδας και προλαμβάνει τη δημιουργία ρυτίδων. Ενυδατώνει άμεσα και σε βάθος το δέρμα και θωρακίζει την υγρασία της επιδερμίδας. Έχει πλούσια, μη λιπαρή υφή και χαρίζει μια απαλή, ελαστική και βελούδινη επιδερμίδα. Απορροφάται άμεσα και είναι ιδανική βάση για το μακιγιάζ και για ένα δέρμα που ακτινοβολεί λάμψη και υγεία. Δερματολογικά Ελεγμένη 99% Ενεργοποίησης πρωτεϊνοσύνθεσης* 82% Των εθελοντών είδε βελτίωση σφρίγους δέρματος σε 16 εβδομάδες*;;;;;;;Περιποίηση Προσώπου;5202888271021;;frezyderm/moisturizing-rich-cream-5202888271021.jpg;https://www.frezyderm.gr/proionta-peripoiisis-prosopou/kremes-prosopou/enudatikes-kremes-prosopou/enudatiki-krema-gia-ksiro-derma/;frezyderm.gr;Αυτόματο
Frezyderm Gingivital Mouthwash;;6,08;10,20;Φθοριούχο στοματικό διάλυμα κατά της ουλίτιδας. Με καινοτόμο ισχυρό συνδυασμό άλατος ψευδαργύρου, κυμενόλης και εκχυλίσματος από φαιοφύκια,που προστατεύει τα ευαίσθητα και διογκωμένα ούλα. - Καταπολέμα το βακτήριο Porphyromonas Gingivalis που προκαλεί την ουλίτιδα - Συσφίγγει και προστατεύει τα ούλα - Καταπολεμά την τερηδόνα - Έχει καταπραυντική και αντιφλογιστική δράση - Προσφέρει ευχάριστη δροσερή αναπνοή;;;;;;;Στοματική Υγιεινή;5202888282027;;frezyderm/gingivital-mouthwash-5202888282027.jpg;https://www.frezyderm.gr/proionta-gia-th-stomatikh-ygieinh/proionta-stomatikhs-ygieinhs-gia-enhlikes/prostasia-apo-thn-oulitida/gingivital-mouthwash-stomatiko-dialyma/;frezyderm.gr;Ακριβές (GTIN)
Frezyderm Homeopathy Mouthwash;;6,08;10,20;Στοματικό διάλυμα για μια ολοκληρωμένη στοματική φροντίδα των ατόμων που ακολουθούν ομοιοπαθητική αγωγή. Με σύνθεση απαλλαγμένη από ουσίες που αντιδοτούν στην ομοιοπαθητική αγωγή. - Καταπολεμά τη μικροβιακή πλάκα - Προφυλάσσει από την τερηδόνα - Προστατεύει τα ούλα - Προσφέρει ευχάριστη δροσερή αναπνοή;;;;;;;Στοματική Υγιεινή;5202888283017;;frezyderm/homeopathy-mouthwash-5202888283017.jpg;https://www.frezyderm.gr/proionta-gia-th-stomatikh-ygieinh/proionta-stomatikhs-ygieinhs-gia-enhlikes/proionta-stomatikhs-ygieinhs-kai-omoiopathhtikh/homeopathy-mouthwash-stomatiko-dialuma-sumbato-me-omoiopathitiki-agwgi/;frezyderm.gr;Ακριβές (GTIN)
Frezyderm OxygeΝ Pro Mouthwash;;7,05;11,80;Για τον καθαρισμό & την προστασία της στοματικής κοιλότητας Στοματικό διάλυμα με Ενεργό Οξυγόνο και Υαλουρονικό Οξύ για τη μηχανική απομάκρυνση των υπολειμμάτων των τροφών από τα δόντια, τα ούλα, τα μεσοδόντια διαστήματα, τα εμφυτεύματα και τους ορθοδοντικούς μηχανισμούς, καθώς και για την ενυδάτωση του στοματικού βλεννογόνου.;;;;;;;Στοματική Υγιεινή;5202888282102;;frezyderm/black-amp-polish-oxygen-mouthwash-5202888282102.jpg;https://www.frezyderm.gr/proionta-gia-th-stomatikh-ygieinh/proionta-stomatikhs-ygieinhs-gia-enhlikes/oxygen-pro-mouthwash-stomatiko-dialyma/;frezyderm.gr;Αυτόματο
Frezyderm Periodigum Mouthwash;;6,20;10,40;Φθοριούχο στοματικό διάλυμα για τα προβλήματα των ούλων και της στοματικής κοιλότητας. Με εξειδικευμένη σύνθεση, εμπλουτισμένη με Χλωρεξιδίνη 0,12%, Βιοενεργό Πεπτίδιο και Υαλουρονικό Οξύ που συνεπικουρεί στη φυσική ανάπλαση των δοντιών. - Καταπολεμά τη μικροβιακή πλάκα - Βοηθάει στην ενεργοποίηση των οδοντικών οστεοβλαστών - Ενυδατώνει και περιποιείται τα ούλα - Συσφίγγει τα ούλα - Προστατεύει από την τερηδόνα;;;;;;;Στοματική Υγιεινή;5202888282010;;frezyderm/periodigum-mouthwash-5202888282010.jpg;https://www.frezyderm.gr/proionta-gia-th-stomatikh-ygieinh/proionta-stomatikhs-ygieinhs-gia-enhlikes/prostasia-apo-thn-periodontitida/periodigum-mouthwash-stomatiko-dialyma/;frezyderm.gr;Ακριβές (GTIN)
Frezyderm Sensitive Teeth Mouthwash;;6,08;10,20;Φθοριούχο στοματικό διάλυμα για την καθημερινή φροντίδα των ευαίσθητων δοντιών. Με σύνθεση εμπλουτισμένη με οργανικό άλας καλίου, που η εξειδικευμένη δράση του αντιμετωπίζει άμεσα και αποτελεσματικά τα συμπτώματα και μειώνει σημαντικά την υπερευαισθησία των δοντιών. - Φροντίζει τα ευαίσθητα δόντια - Καταπολεμά τη μικροβιακή πλάκα - Αποτρέπει τη δημιουργία μεμβράνης μικροβίων - Προστατεύει από την τερηδόνα - Έχει αντιφλογιστική και αντιμικροβιακή δράση - Προσφέρει ευχάριστη δροσερή αναπνοή;;;;;;;Στοματική Υγιεινή;5202888282003;;frezyderm/sensitive-teeth-mouthwash-5202888282003.jpg;https://www.frezyderm.gr/proionta-gia-th-stomatikh-ygieinh/proionta-stomatikhs-ygieinhs-gia-enhlikes/proionta-stomatikhs-ygieinhs-gia-eyaisthhta-dontia/proionta-stomatikhs-ygieinhs-gia-eyaisthhta-dontiasensitive-teeth-mouthwash-stomatiko-dialuma-gia-euaisthita-dontia/;frezyderm.gr;Ακριβές (GTIN)
Frezyderm Nasal Ointment Άνυδρη Ρινική Αλοιφή Ενίσχυσης του Επιδερμικού Φραγμού 15ml;;6,31;10,60;Frezyderm Nasal Ointment Άνυδρη Ρινική Αλοιφή Ενίσχυσης του Επιδερμικού Φραγμού 15ml;;;;;;;Διάφορα;5202888261046;;frezyderm/nasal-ointment-15ml-pharm24-gr-5202888261046.jpg;https://www.pharm24.gr/frezyderm-nasal-ointment-anydrh-rinikh-aloifh-enisxyshs-toy-epidermikoy-fragmoy-15ml-p-27117.html;pharm24.gr;Χωρίς σελίδα
Frezyderm Nazal Cleaner Allergy (0,9% NaCl);;7,06;10,55;Καινοτόµο υγρό SPRAY που μετατρέπεται σε προστατευτικό GEL στον βλεννογόνο της µύτης. Για την ανακούφιση συμπτωμάτων αλλεργικής ρινίτιδας. Spray καθαρισμού της ρινικής κοιλότητας. Με ισότονο διάλυμα ανθού αλατιού Μεσολογγίου 0,9% w/w εξαιρετικής ποιότητας πλούσιο σε Ιχνοστοιχεία και τον συνδυασμό επιλεγμένων συστατικών για τη δημιουργία θερµοσχηµατιζόµενου gel. Απομακρύνει φλεγμονώδεις διαμεσολαβητες, συμβάλλει στον περιορισμό των συμπτωμάτων της αλλεργικής ρινίτιδας και στη ρύθμιση του pH της ρινικής κοιλότητας. Δεν περιέχει κορτιζόνη ή άλλες φαρμακευτικές ουσίες και δεν προκαλεί φαινόμενο εξάρτησης.;;;;;;;Αποσυμφορητικά Μύτης;5202888261176;;frezyderm/nazal-cleaner-allergy-0-9-nacl-5202888261176.jpg;https://www.frezyderm.gr/aposumforitika-mutis/rinika-eknefwmata/nazal-cleaner-allergy-riniko-sprei-gia-allergikh-rinitida/;frezyderm.gr;Αυτόματο
Frezyderm Nazal Cleaner ΙSotonic;;6,94;11,60;Ισότονο ρινικό διάλυμα 0,9% NaCl καθηµερινής υγιεινής για τον καθαρισμό και την αποσυμφόρηση της ρινικής οδού. Για βρέφη από ο μηνών παιδιά και ενήλικες. Το θαλασσινό νερό Nazal Cleaner Isotonic συλλέγεται απευθείας από την ελεγχόµενη περιοχή του κόλπου Cancale στη Βρετάνη που είναι ευρέως γνωστή για την ποιότητα και την καθαρότητα των υδάτων της. Καθαρίζει Ενυδατώνει STE PHARMACEUTICALS, S.L.U. Av. Universitat Autònoma, 13 Parc Tecnològic del Vallès 08290 Cerdanyola del Vallès, Barcelona, Spain;;;;;;;Αποσυμφορητικά Μύτης;5202888106170;;frezyderm/nazal-cleaner-sotonic-5202888106170.jpg;https://www.frezyderm.gr/aposumforitika-mutis/rinika-eknefwmata/nazal-cleaner-baby-riniko-dialyma-gia-brefh/;frezyderm.gr;Αυτόματο
Frezyderm Nazal Cleaner Cold (2,2% NaCl);;5,46;9,20;Spray καθαρισμού της ρινικής κοιλότητας. Mε υπέρτονο διάλυμα ανθού αλατιού Μεσολογγίου 2,2% w/w εξαιρετικής ποιότητας πλούσιο σε Ιχνοστοιχεία και αιθέρια έλαια Ευκαλύπτου & Μέντας. Καθαρίζει τη ρινική κοιλότητα, απομακρύνει τη βλέννα, ανακουφίζει από τα συμπτώματα του κρυολογήματος και ελευθερώνει την αναπνοή. Δεν περιέχει κορτιζόνη ή άλλες φαρμακευτικές ουσίες και δεν προκαλεί φαινόμενο εξάρτησης.;;;;;;;Αποσυμφορητικά Μύτης;5202888261152;;frezyderm/nazal-cleaner-cold-2-2-nacl-5202888261152.jpg;https://www.frezyderm.gr/aposumforitika-mutis/rinika-eknefwmata/nazal-cleaner-cold-riniko-sprei-xwris-kortizonh/;frezyderm.gr;Αυτόματο
Frezyderm Nazal Cleaner Cold Spicy (2,2% NaCl);;5,69;9,50;Spray καθαρισμού της ρινικής κοιλότητας. Mε υπέρτονο διάλυμα ανθού αλατιού Μεσολογγίου 2,2% w/w εξαιρετικής ποιότητας πλούσιο σε Ιχνοστοιχεία και αιθέρια έλαια Ευκαλύπτου & Μέντας. Καθαρίζει τη ρινική κοιλότητα, απομακρύνει τη βλέννα, ανακουφίζει από τα συμπτώματα του κρυολογήματος και ελευθερώνει την αναπνοή. Δεν περιέχει κορτιζόνη ή άλλες φαρμακευτικές ουσίες και δεν προκαλεί φαινόμενο εξάρτησης.;;;;;;;Αποσυμφορητικά Μύτης;5202888261190;;frezyderm/nazal-cleaner-cold-spicy-2-2-nacl-5202888261190.jpg;https://www.frezyderm.gr/aposumforitika-mutis/rinika-eknefwmata/nazal-cleaner-cold-spicy-riniko-sprei-gia-entono-kruologhma/;frezyderm.gr;Αυτόματο
Frezyderm Nazal Cleaner Homeo (2,2% NaCl);;5,66;9,47;Για την ανακούφιση των συμπτωμάτων του κρυολογήματος. Συμβατό με ομοιοπαθητική αγωγή. Spray καθαρισμού της ρινικής κοιλότητας συμβατό με την ομοιοπαθητική αγωγή που απομακρύνει τη βλέννα, ανακουφίζει από τα συμπτώματα του κρυολογήματος και ελευθερώνει την αναπνοή. Mε υπέρτονο διάλυμα ανθού αλατιού Μεσολογγίου 2,2% w/w εξαιρετικής ποιότητας πλούσιο σε Ιχνοστοιχεία. Δεν περιέχει κορτιζόνη ή άλλες φαρμακευτικές ουσίες και δεν προκαλεί φαινόμενο εξάρτησης.;;;;;;;Αποσυμφορητικά Μύτης;5202888261169;;frezyderm/nazal-cleaner-homeo-2-2-nacl-5202888261169.jpg;https://www.frezyderm.gr/aposumforitika-mutis/rinika-eknefwmata/nazal-cleaner-homeo-riniko-sprei-gia-omoiopathhtikh-therapeia/;frezyderm.gr;Αυτόματο
Frezyderm Nazal Cleaner Moist (0,9% NaCl);;6,35;10,60;Για την ανακούφιση των συμπτωμάτων του κρυολογήματος και την προστασία του ρινικού επιθηλίου από την ξηρότητα. Spray καθαρισμού και ενυδάτωσης της ρινικής κοιλότητας. Προστατεύει το ρινικό επιθήλιο από την ξηρότητα σε περιπτώσεις έντονου κρυολογήματος, μετεγχειρητικών καταστάσεων, αιμορραγίας της μύτης, χρήσης συσκευών οξυγόνου ή έκθεσης σε ξηρό κλίμα. Με ισότονο διάλυμα ανθού αλατιού Μεσολογγίου 0,9% w/w εξαιρετικής ποιότητας, πλούσιο σε Ιχνοστοιχεία και Ξυλιτόλη. Διατηρεί τις ρινικές οδούς καθαρές & πιο ενυδατωμένες συγκριτικά με τα απλά αλατούχα διαλύματα. Ανακουφίζει τα συμπτώματα του κρυολογήματος. Δεν περιέχει κορτιζόνη ή άλλες φαρμακευτικές ουσίες και δεν προκαλεί φαινόμενο εξάρτησης.;;;;;;;Αποσυμφορητικά Μύτης;5202888261183;;frezyderm/nazal-cleaner-moist-0-9-nacl-5202888261183.jpg;https://www.frezyderm.gr/aposumforitika-mutis/rinika-eknefwmata/nazal-cleaner-moist-riniko-sprei-gia-kshrothta/;frezyderm.gr;Αυτόματο
Frezyderm Nazal Cleaner Sinus Protect (0,9% NaCl);;6,93;11,60;Spray καθαρισμού και ενυδάτωσης της ρινικής κοιλότητας που ανακουφίζει τη ρινική συμφόρηση και προφυλάσσει από την ιγμορίτιδα. Με ανθό αλατιού Μεσολογγίου 0,9% w/w, εξαιρετικής ποιότητας, πλούσιο σε Ιχνοστοιχεία και Ξυλιτόλη, διατηρεί τις ρινικές οδούς καθαρές & πιο ενυδατωμένες συγκριτικά με τα απλά αλατούχα διαλύματα. Η ξυλιτόλη είναι κατάλληλη για διαβητικούς. Δεν περιέχει κορτιζόνη ή άλλες φαρμακευτικές ουσίες και δεν προκαλεί φαινόμενο εξάρτησης. Δεν αλληλεπιδρά με φάρμακα. Δεν αλλοιώνει τη γεύση.;;;;;;;Αποσυμφορητικά Μύτης;5202888261145;;frezyderm/nazal-cleaner-sinus-protect-0-9-nacl-5202888261145.jpg;https://www.frezyderm.gr/aposumforitika-mutis/rinika-eknefwmata/nazal-cleaner-sinus-protect-riniko-sprei-gia-igmoritida/;frezyderm.gr;Αυτόματο
Frezyderm Night Force A + E Cream;;15,79;26,43;Αντιγηραντική κρέμα νύχτας για το πρόσωπο και το λαιμό. Η πλούσια σύνθεσή της σε ρετινόλη ενισχύει τη σύνθεση του κολλαγόνου, ρυθμίζει τον πολλαπλασιασμό των κυττάρων, καταπολεμά τα πρώτα σημάδια γήρανσης και μειώνει ορατά τις ρυτίδες, ενώ η βιταμίνη Ε παρέχει αποτελεσματική προστασία από τις επιθέσεις των ελεύθερων ριζών. Ενυδατώνει την επιδερμίδα, αυξάνει το πάχος της λεπτής επιδερμίδας και ενισχύει το δερματικό φραγμό, που αποτελεί ασπίδα προστασίας από εξωγενείς επιθέσεις. Με πλούσια, μη λιπαρή υφή που απορροφάται άμεσα. Απλώστε την πριν τον ύπνο και αποκτήστε ξανά σφικτή, λαμπερή και αναζωογονημένη επιδερμίδα. Δερματολογικά Ελεγμένη 22% Μείωση αριθμού βαθιών ρυτίδων* 36% Αναδόμηση δέρματος* Δείτε πως θα αποκτήσετε νεανική επιδερμίδα!;;;;;;;Περιποίηση Προσώπου;5202888271151;;frezyderm/night-force-a-e-cream-5202888271151.jpg;https://www.frezyderm.gr/proionta-peripoiisis-prosopou/kremes-prosopou/antigirantikes-kremes/antigiradiki-krema-nuxtas/;frezyderm.gr;Αυτόματο
Frezyderm Nipple Emollient Cream-Gel;;11,40;19,10;Μαλακτική κρέμα για περιποίηση και προστασία των θηλών. Προετοιμάζει τις θηλές και τις διατηρεί μαλακές, ώστε να ακολουθήσει πιο εύκολος και ανώδυνος θηλασμός. Έχει αντιερεθιστική και καταπραϋντική δράση, ενυδατώνει και ενισχύει την μικροκυκλοφορία της περιοχής και διατηρεί το δέρμα της θηλής ελαστικό και ανθεκτικό. Είναι απόλυτα ασφαλές προϊόν, χωρίς να προκαλεί αλλεργίες. Δεν αλλοιώνει στο βρέφος την φυσική αίσθηση της θηλής. 12% αύξηση ενυδάτωσης*;Δερματολογικά ελεγμένο · Τοξικολογικό τεστ ασφάλειας;;;;;;Εγκυμοσύνη;5202888102141;5202888223273;frezyderm/nipple-emollient-cream-gel-5202888102141.jpg;https://www.frezyderm.gr/proionta-egkumosunhs/kremes-gia-thiles/nipple-care-malaktikh-krema-gia-thhles/;frezyderm.gr;Αυτόματο
Frezyderm Nipple Emollient Cream-Gel;;10,30;17,24;Μαλακτική κρέμα για περιποίηση και προστασία των θηλών. Προετοιμάζει τις θηλές και τις διατηρεί μαλακές, ώστε να ακολουθήσει πιο εύκολος και ανώδυνος θηλασμός. Έχει αντιερεθιστική και καταπραϋντική δράση, ενυδατώνει και ενισχύει την μικροκυκλοφορία της περιοχής και διατηρεί το δέρμα της θηλής ελαστικό και ανθεκτικό. Είναι απόλυτα ασφαλές προϊόν, χωρίς να προκαλεί αλλεργίες. Δεν αλλοιώνει στο βρέφος την φυσική αίσθηση της θηλής. 12% αύξηση ενυδάτωσης*;Δερματολογικά ελεγμένο · Τοξικολογικό τεστ ασφάλειας;;;;;;Εγκυμοσύνη;5202888227165;;frezyderm/nipple-emollient-cream-gel-5202888227165.jpg;https://www.frezyderm.gr/proionta-egkumosunhs/kremes-gia-thiles/nipple-care-malaktikh-krema-gia-thhles/;frezyderm.gr;Αυτόματο
Frezyderm Odor Blocker Spray;;4,49;7,52;Στοματικό σπρέι για την αντιμετώπιση της στοματικής κακοσμίας και της δυσάρεστης αναπνοής. Η προσεκτικά επιλεγμένη σύνθεση με Σύμπλοκο Ψευδαργύρου δρα κατά της δυσάρεστης οσμής που προκαλείται στη στοματική κοιλότητα από την παραγωγή θειούχων πτητικών ενώσεων. Αντιμετωπίζει την κακοσμία Αποτρέπει τη δυσάρεστη αναπνοή Καταπολεμά τη μικροβιακή πλάκα Προσφέρει άμεσα ευχάριστη, δροσερή αναπνοή Εξασφαλίζει παρατεταμένη δράση.;;;;;;;Στοματική Υγιεινή;5202888282096;;frezyderm/odor-blocker-toothpaste-5202888282096.jpg;https://www.frezyderm.gr/proionta-gia-th-stomatikh-ygieinh/proionta-stomatikhs-ygieinhs-gia-enhlikes/kakosmia-stomatos/odor-blocker-spray-sprei-gia-tin-kakosmia-tou-stomatos/;frezyderm.gr;Αυτόματο
Frezyderm Odor Blocker Mouthwash;;6,08;10,20;Φθοριούχο στοματικό διάλυμα για την καθημερινή αντιμετώπιση της στοματικής κακοσμίας και της δυσάρεστης αναπνοής. Με Σύμπλοκο Ψευδαργύρου που αντιμετωπίζει τη δυσάρεστη οσμή που προκαλούν οι θειούχες πτητικές ενώσεις που σχηματίζονται στα ούλα και στη γλώσσα. Δρα κατά της κακοσμίας Αντιμετωπίζει τη δυσάρεστη αναπνοή Καταπολεμά τη μικροβιακή πλάκα Χαρίζει άμεση αίσθηση φρεσκάδας Εξασφαλίζει παρατεταμένη δράση;;;;;;;Στοματική Υγιεινή;5202888282072;;frezyderm/odor-blocker-mouthwash-5202888282072.jpg;https://www.frezyderm.gr/proionta-gia-th-stomatikh-ygieinh/proionta-stomatikhs-ygieinhs-gia-enhlikes/kakosmia-stomatos/odor-blocker-mouthwash-stomatiko-dialuma-gia-tin-kakosmia-tou-stomatos/;frezyderm.gr;Αυτόματο
Frezyderm - Organic Chamomile - 15sach.;;6,90;9,00;Frezyderm Organic Chamomile - Χαμομήλι (15sach.) Το Organic Chamomile της Frezyderm είναι Ελληνικό βιολογικό ρόφημα με ολόκληρα άνθη χ...;;;;;;;Διάφορα;5202888109355;;frezyderm/organic-chamomile-15sach-5202888109355.jpg;https://www.pharmacy295.gr/catalog/goneis-paidi/diatrofi-moroy-paidioy/rofimata-votanon/product/frezyderm-organic-chamomile-15sach--5202888109355;pharmacy295.gr;Χωρίς σελίδα
Frezyderm Organic Fennel 60gr;;7,38;12,36;Προϊόν Frezyderm — FREZYDERM Organic Fennel 60gr;;;;;;;Διάφορα;5202888009075;5202888009078;;;;Χωρίς σελίδα
Frezyderm Plaque & Tartar Mouthwash;;6,08;10,18;Φθοριούχο στοματικό διάλυμα για την καθημερινή φροντίδα των δοντιών και των ούλων. Με καινοτόμο ισχυρό συνδυασμό ενεργών συστατικών και φυτικών εκχυλισμάτων που προστατεύει από το σχηματισμό πλάκας και πέτρας. - Προστατεύει από την πέτρα - Καταπολεμά τη μικροβιακή πλάκα - Αποτρέπει τη δημιουργία μεμβράνης μικροβίων - Προστατεύει από την τερηδόνα - Προσφέρει ευχάριστη δροσερή αναπνοή;;;;;;;Στοματική Υγιεινή;5202888282034;;frezyderm/plaque-amp-tartar-mouthwash-5202888282034.jpg;https://www.frezyderm.gr/proionta-gia-th-stomatikh-ygieinh/proionta-stomatikhs-ygieinhs-gia-enhlikes/prostasia-apo-thn-terhdona/plaque-tartar-mouthwash-stomatiko-dialuma-gia-tin-teridona/;frezyderm.gr;Ακριβές (GTIN)
Frezyderm Prelactic Ovules Balancing Care Κολπικά Υπόθετα για Ενυδάτωση & Προστασία του Κολπικού Βλεννογόνου, 10τεμ;;10,80;18,08;Τα κολπικά υπόθετα Frezyderm Prelactic Ovules σχηματίζουν ένα προστατευτικό υμένιο στην επιφάνεια του κολπικού βλεννογόνου, προσφέροντας ενυδάτωση και προστα...;;;;;;;Διάφορα;5202888331596;;frezyderm/prelactic-ovules-balancing-care-10-ofarmakopoiosmou-gr-5202888331596.jpg;https://www.ofarmakopoiosmou.gr/frezyderm-prelactic-ovules-balancing-care-kolpika-ypotheta-gia-enydatosi-prostasia-toy-kolpikoy;ofarmakopoiosmou.gr;Χωρίς σελίδα
Frezyderm Prelactic Gel;;10,86;18,20;Για τη ρύθμιση του κολπικού pH Κολπικό gel με ολιγοσακχαρίτη α-γλυκάνη και γαλακτικό οξύ για τη ρύθμιση του κολπικού pH. Συντελεί στην αποκατάσταση και τη διατήρηση της φυσιολογικής κολπικής χλωρίδας και την ανακούφιση του κολπικού βλεννογόνου από κνησμό, ερεθισμό και ξηρότητα. Δεν περιέχει δραστικές φαρμακευτικές ουσίες και ουσίες με ορμονική δράση- Δεν είναι αντισυλληπτικό. Τοξικολογικά Test Ασφάλειας Σύμφωνα με το ISO 10993-1:2018;Χωρίς parabens;;;;;;Ομοιοπαθητική;5202888102899;;frezyderm/prelactic-gel-5202888102899.jpg;https://www.frezyderm.gr/omoiopathitiki/euaisthhth-perioxh/prelactic-gel-apokatastash-kolpou-sthn-emmhnopaush/;frezyderm.gr;Για έλεγχο
Frezyderm Prevenstria Protective Anti-Stria Cream;;17,60;22,45;Προστατευτική κρέμα σώματος για την πρόληψη των ραβδώσεων (ραγάδων), κατά την περίοδο της εγκυμοσύνης και όποτε σημειώνεται απότομη αυξομείωση βάρους ή αύξηση ύψους, όπως την περίοδο της εφηβείας. Ενυδατώνει την επιδερμίδα, μειώνει τη διαδερμική απώλεια νερού, βελτιώνει τη δερματική υφή και αυξάνει την ελαστικότητα και την ανθεκτικότητα του δέρματος. Προλαμβάνει την αποδυνάμωση του δερματικού ιστού, τη χαλάρωση και τη δημιουργία ραβδώσεων. Ιδανικό και για την περιοχή του στήθους. Κατάλληλη από τον 3ο μήνα της κύησης και 1-2 μήνες μετά τον τοκετό. -50% φθορά ινών ελαστίνης +33% σύνθεση κολλαγόνου;Τοξικολογικό τεστ ασφάλειας;;;;;;Εγκυμοσύνη;5202888102110;;frezyderm/prevenstria-protective-anti-stria-cream-5202888102110.jpg;https://www.frezyderm.gr/proionta-egkumosunhs/kremes-gia-ragades-egkumosunhs/prevenstria-cream-prolhptikh-krema-gia-ragades/;frezyderm.gr;Για έλεγχο
Frezyderm Prevenstria Protective Anti-Stria Cream;;17,60;29,46;Προστατευτική κρέμα σώματος για την πρόληψη των ραβδώσεων (ραγάδων), κατά την περίοδο της εγκυμοσύνης και όποτε σημειώνεται απότομη αυξομείωση βάρους ή αύξηση ύψους, όπως την περίοδο της εφηβείας. Ενυδατώνει την επιδερμίδα, μειώνει τη διαδερμική απώλεια νερού, βελτιώνει τη δερματική υφή και αυξάνει την ελαστικότητα και την ανθεκτικότητα του δέρματος. Προλαμβάνει την αποδυνάμωση του δερματικού ιστού, τη χαλάρωση και τη δημιουργία ραβδώσεων. Ιδανικό και για την περιοχή του στήθους. Κατάλληλη από τον 3ο μήνα της κύησης και 1-2 μήνες μετά τον τοκετό. -50% φθορά ινών ελαστίνης +33% σύνθεση κολλαγόνου;Τοξικολογικό τεστ ασφάλειας;;;;;;Εγκυμοσύνη;5202888223259;;frezyderm/prevenstria-protective-anti-stria-cream-5202888223259.jpg;https://www.frezyderm.gr/proionta-egkumosunhs/kremes-gia-ragades-egkumosunhs/prevenstria-cream-prolhptikh-krema-gia-ragades/;frezyderm.gr;Αυτόματο
Frezyderm Prodilac Ease 10τμχ;;9,16;15,33;Προϊόν Frezyderm — FREZYDERM Prodilac Ease 10τμχ;;;;;;;Διάφορα;5202888105500;;;;;Χωρίς σελίδα
Frezyderm Prodilac Ease 30 Sticks;;11,70;16,80;Προϊόν Frezyderm — FREZYDERM PRODILAC EASE 30 STICKS;;;;;;;Διάφορα;5202888320101;;;;;Χωρίς σελίδα
Frezyderm Prodilac Immuno Shield Fast Melt;;12,72;21,30;1 φακελίσκος Prodilac Immuno Shield Fast Melt περιέχει: - 1 δισεκατομμύρια ζώντα στελέχη Lactobacillus rhamnosus GG - 2 δισεκατομμύρια ζώντα στελέχη Bifidobacterium lactis BL-04 Ημερήσια συνιστώμενη δοσολογία: 1 φακελάκι την ημέρα για συνήθη χρήση Με γεύση ροδάκινο Αρ. Γνωστοποίησης ΕΟΦ: 60076/28.07.2016 . Δεν επέχει θέση άδειας κυκλοφορίας. Ανιχνεύονται ίχνη γάλακτος Δεν χορηγείται σε ανοσοκατεσταλμένα άτομα;Κατάλληλο για χορτοφάγους;;;;;;Συμπληρώματα Διατροφής;5202888320125;;frezyderm/prodilac-immuno-shield-fast-melt-5202888320125.jpg;https://www.frezyderm.gr/sumplhrwmata-diatrofis/symplhrwmata-diatrofhs-gia-to-anwtero-anapneystiko/prodilac-immuno-shield-fast-melt-symplhrwma/;frezyderm.gr;Αυτόματο
Frezyderm Prodilac Immuno Shield Start;;7,61;12,74;1 φακελίσκος Prodilac Immuno Shield Start περιέχει: - 3 δισεκατομμύρια ζώντα στελέχη Lactobacillus rhamnosus GG - Bifidobacterium lactis BL-04 κατά την ημερομηνία λήξης - Φρουκτο-Ολιγοσακχαρίτες μικράς αλύσου (scFOS) - Βιταμίνη C 20mg: Συμβάλλει στη φυσιολογική λειτουργία του ανοσοποιητικού συστήματος (EFSA ID 134, 4321) - Βιταμίνη D 5μg: Συμβάλλει στη φυσιολογική λειτουργία του ανοσοποιητικού συστήματος (EFSA ID 154, 159) Ημερήσια συνιστώμενη δοσολογία: 1 φακελάκι την ημέρα για συνήθη χρήση Αρ. Γνωστοποίησης ΕΟΦ: 60075/28.07.2016. Δεν επέχει θέση άδειας κυκλοφορίας. Ανιχνεύονται ίχνη γάλακτος Δεν χορηγείται σε ανοσοκατεσταλμένα άτομα;Κατάλληλο για χορτοφάγους;;;;;;Συμπληρώματα Διατροφής;5202888320088;;frezyderm/prodilac-immuno-shield-start-5202888320088.jpg;https://www.frezyderm.gr/sumplhrwmata-diatrofis/symplhrwmata-diatrofhs-gia-to-anwtero-anapneystiko/prodilac-immuno-shield-start-gia-amyna-organismou-/;frezyderm.gr;Αυτόματο
Frezyderm Prodilac Immuno Shield Start;;12,29;20,57;1 φακελίσκος Prodilac Immuno Shield Start περιέχει: - 3 δισεκατομμύρια ζώντα στελέχη Lactobacillus rhamnosus GG - Bifidobacterium lactis BL-04 κατά την ημερομηνία λήξης - Φρουκτο-Ολιγοσακχαρίτες μικράς αλύσου (scFOS) - Βιταμίνη C 20mg: Συμβάλλει στη φυσιολογική λειτουργία του ανοσοποιητικού συστήματος (EFSA ID 134, 4321) - Βιταμίνη D 5μg: Συμβάλλει στη φυσιολογική λειτουργία του ανοσοποιητικού συστήματος (EFSA ID 154, 159) Ημερήσια συνιστώμενη δοσολογία: 1 φακελάκι την ημέρα για συνήθη χρήση Αρ. Γνωστοποίησης ΕΟΦ: 60075/28.07.2016. Δεν επέχει θέση άδειας κυκλοφορίας. Ανιχνεύονται ίχνη γάλακτος Δεν χορηγείται σε ανοσοκατεσταλμένα άτομα;Κατάλληλο για χορτοφάγους;;;;;;Συμπληρώματα Διατροφής;5202888320118;;frezyderm/prodilac-immuno-shield-start-5202888320118.jpg;https://www.frezyderm.gr/sumplhrwmata-diatrofis/symplhrwmata-diatrofhs-gia-to-anwtero-anapneystiko/prodilac-immuno-shield-start-gia-amyna-organismou-/;frezyderm.gr;Αυτόματο
Frezyderm Prodilac Kids;;10,62;17,80;1 μασώμενο δισκίο Prodilac KIDS περιέχει 100 εκατομμύρια ζώντα στελέχη κατά την ημερομηνία λήξης: - Lactobacillus rhamnosus GG - Bifidobacterium longum BB536 Ημερήσια συνιστώμενη δοσολογία: 1-2 μασώμενα δισκία την ημέρα για συνήθη χρήση 2-3 μασώμενα την ημέρα σε περίοδο αυξημένης ανάγκης Με γεύση μανταρίνι Αρ. Γνωστοποίησης ΕΟΦ: 3043/13.01.2012. Δεν επέχει θέση άδειας κυκλοφορίας. Ανιχνεύονται ίχνη γάλακτος Δεν χορηγείται σε ανοσοκατεσταλμένα άτομα;Κατάλληλο για χορτοφάγους;;;;;;Συμπληρώματα Διατροφής;5202888105494;;frezyderm/prodilac-kids-5202888105494.jpg;https://www.frezyderm.gr/sumplhrwmata-diatrofis/symplhrwmata-diatrofhs-gia-thn-enterikh-xlwrida/prodilac-kids-symplhrwma-diatrofhs-gia-paidia/;frezyderm.gr;Αυτόματο
Frezyderm Prodilac Oral (30 ΜΑΣΩΜΕΝΑ ΔΙΣΚΙΑ)- (Φ.Π.Α 6%);;9,10;13,02;Προϊόν Frezyderm — FREZYDERM PRODILAC ORAL (30 ΜΑΣΩΜΕΝΑ ΔΙΣΚΙΑ)- (Φ.Π.Α 6%);;;;;;;Διάφορα;5202888320057;;;;;Χωρίς σελίδα
Frezyderm Prodilac Oral Kids (30 ΜΑΣΩΜ ΠΑ);;9,00;12,90;Προϊόν Frezyderm — FREZYDERM PRODILAC ORAL KIDS (30 ΜΑΣΩΜ ΠΑ);;;;;;;Διάφορα;5202888320064;;frezyderm/prodilac-kids-5202888320064.jpg;;;Χωρίς σελίδα
Frezyderm Prodilac Restore;;11,98;20,05;1 κάψουλα Prodilac RESTORE περιέχει 500 εκατομμύρια ζώντα στελέχη κατά την ημερομηνία λήξης: - B. longum BB536, L. acidophilus LA-14, L. rhamnosus PB01, L. salivarius LS-33, L. casei LC-11, L. plantarum LP-115, Lactobacillus delbrueckii ssp. bulgaricus SP5, B. bifidum BB-02, B. lactis Bl-04, Lactococcus lactis LL-23, S. thermophilus St-21 Ημερήσια συνιστώμενη δοσολογία: 1-2 κάψουλες την ημέρα για συνήθη χρήση 2-3 κάψουλες την ημέρα σε περίοδο αυξημένης ανάγκης Κάψουλες προς κατάποση Αρ. Γνωστοποίησης ΕΟΦ: 3044/13.01.2012. Δεν επέχει θέση άδειας κυκλοφορίας. Ανιχνεύονται ίχνη γάλακτος Δεν χορηγείται σε ανοσοκατεσταλμένα άτομα;Κατάλληλο για χορτοφάγους;;;;;;Συμπληρώματα Διατροφής;5202888105517;;frezyderm/prodilac-restore-5202888105517.jpg;https://www.frezyderm.gr/sumplhrwmata-diatrofis/symplhrwmata-diatrofhs-gia-thn-enterikh-xlwrida/prodilac-restore-symplhrwma-diatrofhs-gia-enhlikes-/;frezyderm.gr;Αυτόματο
Frezyderm Prodilac Start;;9,45;13,50;1 φακελίσκος Prodilac START περιέχει 100 εκατομμύρια ζώντα στελέχη κατά την ημερομηνία λήξης: - Lactobacillus rhamnosus GG - Bifidobacterium longum BB536 Ημερήσια συνιστώμενη δοσολογία: 1-2 φακελάκια την ημέρα για συνήθη χρήση 2-3 φακελάκια την ημέρα σε περίοδο αυξημένης ανάγκης Αρ. Γνωστοποίησης ΕΟΦ: 3038/13.01.2012. Δεν επέχει θέση άδειας κυκλοφορίας. Ανιχνεύονται ίχνη γάλακτος Δεν χορηγείται σε ανοσοκατεσταλμένα άτομα;Κατάλληλο για χορτοφάγους;;;;;;Συμπληρώματα Διατροφής;5202888105487;;frezyderm/prodilac-start-5202888105487.jpg;https://www.frezyderm.gr/sumplhrwmata-diatrofis/symplhrwmata-diatrofhs-gia-thn-enterikh-xlwrida/prodilac-start-symplhrwma-diatrofhs-gia-mwra/;frezyderm.gr;Αυτόματο
Frezyderm Prodilac Start;;11,70;19,90;1 φακελίσκος Prodilac START περιέχει 100 εκατομμύρια ζώντα στελέχη κατά την ημερομηνία λήξης: - Lactobacillus rhamnosus GG - Bifidobacterium longum BB536 Ημερήσια συνιστώμενη δοσολογία: 1-2 φακελάκια την ημέρα για συνήθη χρήση 2-3 φακελάκια την ημέρα σε περίοδο αυξημένης ανάγκης Αρ. Γνωστοποίησης ΕΟΦ: 3038/13.01.2012. Δεν επέχει θέση άδειας κυκλοφορίας. Ανιχνεύονται ίχνη γάλακτος Δεν χορηγείται σε ανοσοκατεσταλμένα άτομα;Κατάλληλο για χορτοφάγους;;;;;;Συμπληρώματα Διατροφής;5202888320095;;frezyderm/prodilac-start-5202888320095.jpg;https://www.frezyderm.gr/sumplhrwmata-diatrofis/symplhrwmata-diatrofhs-gia-thn-enterikh-xlwrida/prodilac-start-symplhrwma-diatrofhs-gia-mwra/;frezyderm.gr;Αυτόματο
Frezyderm Proflamine Cream;;13,26;22,20;Κρέμα για την αποκατάσταση της επιδερμίδας μετά από ηλιακούς, θερμικούς ή χημικούς ερεθισμούς, καθώς και μετά από αισθητικές επεμβάσεις. Η πλούσια σύνθεσή της ενυδατώνει τόσο επιφανειακά όσο και βαθιά την επιδερμίδα και παράλληλα ενδυναμώνει τη δερματική ελαστικότητα, αποκαθιστώντας την ομοιομορφία της επιδερμίδας σε υφή και χρώμα. Ταυτόχρονα, καταπραΰνει την επιδερμίδα από την αίσθηση καύσου και πόνου, χαρίζοντας ευεξία και αναζωογόνηση.;;;;;;;Εξειδικευμένη Φροντίδα;5202888261015;;frezyderm/proflamine-cream-5202888261015.jpg;https://www.frezyderm.gr/proionta-peripoihshs-ekseidikeumenh-frontida/kremes-anaplashs/proflamine-krema-gia-egkaumata/;frezyderm.gr;Ακριβές (GTIN)
Frezyderm Propolis Oral Spray;;8,53;14,30;Συμπλήρωμα διατροφής για τον ερεθισμένο λαιμό. Περιέχει πρόπολη, μέλι, βιταμίνη C και εκχύλισμα θυμαριού, για καταπράυνση του ευαίσθητου, ερεθισμένου λαιμού. Πρόπολη: χρησιμοποιείται για προστασία λόγω της αντισηπτικής και αντιβακτηριδιακής της δράσης. -Μέλι – Θυμάρι : καταπραϋντική δράση και ανακούφιση του ερεθισμένου, ευαίσθητου λαιμού. -Βιταμίνη C: συμβάλλει στη φυσιολογική λειτουργία του ανοσοποιητικού συστήματος και προστατεύει τα κύτταρα από το οξειδωτικό stress ως φυσικό αντιοξειδωτικό (ΕFSA Journal 2015).;;;;;;;Συμπληρώματα Διατροφής;5202888331022;;frezyderm/propolis-oral-spray-5202888331022.jpg;https://www.frezyderm.gr/sumplhrwmata-diatrofis/propolis-oral-spray-sumplirwma-diatrofis-gia-erethismeno-laimo/;frezyderm.gr;Αυτόματο
Frezyderm Ps.T. Flakes Balance Cream Step 3;;13,20;22,10;Η ψωρίαση είναι αυτοάνοση δερματική διαταραχή. Η λειτουργία των κερατινοκυττάρων και των ινοβλαστών του δέρματος διαταράσσεται. Τα κύτταρα ανανεώνονται υπερβολικά γρήγορα, δεν αποβάλλονται με κανονικό ρυθμό, εμφανίζεται ερυθρότητα, ξηρότητα, κνησμός, συσσώρευση φολίδων. Το PS.T system στοχεύει στην άμεση ανακούφιση του δέρματος σε 3 στάδια. PS.T. step 3 Flakes Balance Cream Με ενεργά συστατικά για την ανακούφιση της φλεγμονής και του κνησμού και την ομαλοποίηση της φυσιολογικής δερματικής λειτουργίας. -Μειώνει την ερυθρότητα, τον κνησμό και ομαλοποιεί τη δερματική λειτουργία. -Ειδική αγωγή για υπερκερατωσικές δερματοπάθειες. -Ανακουφίζει από τα συμπτώματα της ψωρίασης. Συνδυαστική χρήση με τα Steps 1,4.;;;;;;;Εξειδικευμένη Φροντίδα;5202888263026;;frezyderm/ps-t-flakes-balance-cream-step-3-5202888263026.jpg;https://www.frezyderm.gr/proionta-peripoihshs-ekseidikeumenh-frontida/pswriash/pst-flakes-balance-eidikh-krema-gia-thn-pswriash/;frezyderm.gr;Αυτόματο
Frezyderm Ps.T. Cleanser Step 1;;9,53;14,23;Η ψωρίαση είναι αυτοάνοση δερματική διαταραχή. Η λειτουργία των κερατινοκυττάρων και των ινοβλαστών του δέρματος διαταράσσεται. Τα κύτταρα ανανεώνονται υπερβολικά γρήγορα, δεν αποβάλλονται με κανονικό ρυθμό, εμφανίζεται ερυθρότητα, ξηρότητα, κνησμός, συσσώρευση φολίδων. Το PS.T. system στοχεύει στην άμεση ανακούφιση του δέρματος σε 3 στάδια. PS.T. step 1 Cleanser -Καθαρίζει και απομακρύνει τα νεκρά κερατινοκύτταρα και τις φολίδες. -Ειδική αγωγή για υπερκερατωσικές δερματοπάθειες. -Με ήπια καθαριστικά συστατικά και λεπτούς συμμετρικούς κόκκους, διευκολύνει την αποκόλληση και την αποβολή των επιφανειακών φολίδων. -Ανακουφίζει από τα συμπτώματα της ψωρίασης. Συνδυαστική χρήση με τα Steps 3,4.;;;;;;;Εξειδικευμένη Φροντίδα;5202888263040;;frezyderm/ps-t-cleanser-step-1-5202888263040.jpg;https://www.frezyderm.gr/proionta-peripoihshs-ekseidikeumenh-frontida/pswriash/pst-cleanser-katharistiko-gia-pswriash/;frezyderm.gr;Αυτόματο
Frezyderm Ps T Keratolytic Cream Step 2 200ml;;10,80;18,08;Προϊόν Frezyderm — FREZYDERM PS T Keratolytic Cream Step 2 200ml;;;;;;;Διάφορα;5202888263019;5202888263057;frezyderm/ps-t-cleanser-step-1-5202888263019.jpg;;;Χωρίς σελίδα
Frezyderm Ps.T. Second Skin Cream Step 4;;10,80;18,08;Η ψωρίαση είναι αυτοάνοση δερματική διαταραχή. Η λειτουργία των κερατινοκυττάρων και των ινοβλαστών του δέρματος διαταράσσεται. Τα κύτταρα ανανεώνονται υπερβολικά γρήγορα, δεν αποβάλλονται με κανονικό ρυθμό, εμφανίζεται ερυθρότητα, ξηρότητα, κνησμός, συσσώρευση φολίδων. Το PS.T system στοχεύει στην άμεση ανακούφιση του δέρματος σε 3 στάδια. Προστατεύει και βελτιώνει την όψη της επιδερμίδας. Δημιουργεί ένα ματ αόρατο φιλμ, προστατεύει το λεπτό ευαίσθητο δέρμα από εξωγενείς παράγοντες, βελτιώνει την εμφάνιση των φολίδων και ενισχύει την αποτελεσματικότητα των προϊόντων PS.T.;;;;;;;Εξειδικευμένη Φροντίδα;5202888263033;;frezyderm/ps-t-second-skin-cream-step-4-5202888263033.jpg;https://www.frezyderm.gr/proionta-peripoihshs-ekseidikeumenh-frontida/pswriash/pst4-second-skin-cream-step-4/;frezyderm.gr;Αυτόματο
Frezyderm Ps.T. Second Skin Cream Step 4;;11,46;19,00;Η ψωρίαση είναι αυτοάνοση δερματική διαταραχή. Η λειτουργία των κερατινοκυττάρων και των ινοβλαστών του δέρματος διαταράσσεται. Τα κύτταρα ανανεώνονται υπερβολικά γρήγορα, δεν αποβάλλονται με κανονικό ρυθμό, εμφανίζεται ερυθρότητα, ξηρότητα, κνησμός, συσσώρευση φολίδων. Το PS.T system στοχεύει στην άμεση ανακούφιση του δέρματος σε 3 στάδια. Προστατεύει και βελτιώνει την όψη της επιδερμίδας. Δημιουργεί ένα ματ αόρατο φιλμ, προστατεύει το λεπτό ευαίσθητο δέρμα από εξωγενείς παράγοντες, βελτιώνει την εμφάνιση των φολίδων και ενισχύει την αποτελεσματικότητα των προϊόντων PS.T.;;;;;;;Εξειδικευμένη Φροντίδα;5202888263071;;frezyderm/ps-t-second-skin-cream-step-4-5202888263071.jpg;https://www.frezyderm.gr/proionta-peripoihshs-ekseidikeumenh-frontida/pswriash/pst4-second-skin-cream-step-4/;frezyderm.gr;Ακριβές (GTIN)
Frezyderm Reconstria Restructuring Anti-Stria Cream;;16,42;27,50;Αναπλαστική κρέμα για τη διόρθωση των ραβδώσεων (ραγάδων) που παρουσιάζονται στην εγκυμοσύνη ή μετά από απότομη αλλαγή βάρους (π.χ. εφηβεία). Επαναφέρει τη χρωματική όψη της επιδερμίδας, βελτιώνοντας τις λευκές και ερυθρές ραγάδες, ομαλοποιεί το ανάγλυφο του δέρματος, αποκαθιστώντας την υφή του και αυξάνει την πυκνότητά του. Ιδανικό και για την περιοχή του στήθους. 59% επούλωση ουλών (πρωτότοκες γυναίκες)* Καμία ράβδωση στο 88% των εγκύων*;Κατάλληλο από τον 3ο μήνα της εγκυμοσύνης και κατά τον θηλασμό · Τοξικολογικό τεστ ασφάλειας;;;;;;Εγκυμοσύνη;5202888102127;;frezyderm/dermofilia-hand-cream-75ml-40ml-5202888102127.jpg;https://www.frezyderm.gr/proionta-egkumosunhs/kremes-gia-ragades-egkumosunhs/reconstria-cream-krema-antimetwpishs-ragadwn/;frezyderm.gr;Χειροκίνητο
Frezyderm Reconstria Restructuring Anti-Stria Cream;;18,10;30,30;Αναπλαστική κρέμα για τη διόρθωση των ραβδώσεων (ραγάδων) που παρουσιάζονται στην εγκυμοσύνη ή μετά από απότομη αλλαγή βάρους (π.χ. εφηβεία). Επαναφέρει τη χρωματική όψη της επιδερμίδας, βελτιώνοντας τις λευκές και ερυθρές ραγάδες, ομαλοποιεί το ανάγλυφο του δέρματος, αποκαθιστώντας την υφή του και αυξάνει την πυκνότητά του. Ιδανικό και για την περιοχή του στήθους. 59% επούλωση ουλών (πρωτότοκες γυναίκες)* Καμία ράβδωση στο 88% των εγκύων*;Κατάλληλο από τον 3ο μήνα της εγκυμοσύνης και κατά τον θηλασμό · Τοξικολογικό τεστ ασφάλειας;;;;;;Εγκυμοσύνη;5202888223266;;frezyderm/reconstria-restructuring-anti-stria-cream-5202888223266.jpg;https://www.frezyderm.gr/proionta-egkumosunhs/kremes-gia-ragades-egkumosunhs/reconstria-cream-krema-antimetwpishs-ragadwn/;frezyderm.gr;Αυτόματο
Frezyderm Rectanal Aid Ointment;;12,45;20,84;Καταπραϋντική αλοιφή για την ανακούφιση των συμπτωμάτων των αιμορροΐδων και των ραγάδων του πρωκτού. Μαλακτική & επουλωτική δράση. Εμπλουτισμένη με φυτικά συστατικά, silica και φυσικά μιμητικά Λανολίνης & Βαζελίνη. Δεν αφήνει αίσθηση λιπαρότητας.;;;;;;;Εξειδικευμένη Φροντίδα;5202888227592;5202888102134, 5202888227325;frezyderm/rectanal-aid-ointment-5202888227592.jpg;https://www.frezyderm.gr/proionta-peripoihshs-ekseidikeumenh-frontida/aimoroides/rectanal-aid-ointment-/;frezyderm.gr;Αυτόματο
Frezyderm Reform Abdomen Care Cream 150ml;;14,00;23,44;Προϊόν Frezyderm — FREZYDERM Reform Abdomen Care Cream 150ml;;;;;;;Διάφορα;5202888221217;;;;;Χωρίς σελίδα
Frezyderm Revitalization Hydrogel Eye Patch;;11,90;19,92;Αναζωογονητική μάσκα ματιών υδρογέλης για το κουρασμένο και ευαίσθητο δέρμα της περιοχής κάτω από τα μάτια με ευχάριστη αίσθηση δροσιάς. Η καινοτόμα σύνθεσή της εξασφαλίζει ελεγχόμενη απελευθέρωση των ενεργών συστατικών για μέγιστη διάρκεια δράσης και αποτελεσματικότητα. Επαναφέρει και ανανεώνει το δέρμα, ενυδατώνει για 8 ώρες, λειαίνει πρώτες ρυτίδες & λεπτές γραμμές και το βλέμμα δείχνει πιο φωτεινό και ξεκούραστο. Η συσκευασία περιέχει 4 ζεύγη. Τα επιθέματα είναι non-woven, βιοδιασπώμενα και ανακυκλώσιμα.;;;;;;;Περιποίηση Προσώπου;5202888262500;5202888262548;frezyderm/revitalization-hydrogel-eye-patch-5202888262500.jpg;https://www.frezyderm.gr/proionta-peripoiisis-prosopou/maskes-proswpou-eye-patches/revitalization-hydrogel-eye-patch-maska-matiwn/;frezyderm.gr;Αυτόματο
Frezyderm Revitalizing Serum 30ml;;20,50;34,32;Frezyderm Revitalizing Serum 30ml - Ορός Αντιγήρανσης & Αναζωογόνησης;;;;;;;Διάφορα;5202888271113;;frezyderm/revitalizing-serum-30ml-pharm24-gr-5202888271113.jpg;https://www.pharm24.gr/frezyderm-revitalizing-serum-30ml-p-91.html;pharm24.gr;Χωρίς σελίδα
Frezyderm Rinopure;;4,12;6,90;Στείρο ισότονο διάλυμα χλωριούχου νατρίου 0,9% για την υγιεινή της μύτης, των ματιών και των αυτιών καθώς και για τον καθαρισμό των πληγών στο δέρμα αλλά και για εισπνοή σε θεραπεία με αερόλυμα. Κάθε 100ml διαλύματος περιέχουν 0,9g χλωριούχου νατρίου. LABORATOIRE UNITHER-151 rue André Durouchez, Espace Industriel Nord, CS 28028, 80084 Amiens, Cedex 2, France;;;;;;;Αποσυμφορητικά Μύτης;5202888106217;5202888262005;frezyderm/rinopure-5202888106217.jpg;https://www.frezyderm.gr/aposumforitika-mutis/fusiologikos-oros/rinopure-gia-katharismo-myths-matiwn-plhgwn-ekplysh-aytiou/;frezyderm.gr;Χειροκίνητο
Frezyderm Sun Screen On The Move Spf 50;;11,46;19,20;Αντηλιακό spray προσώπου ταχείας εφαρμογής και πολλαπλής χρήσης (πόλη, παραλία κ.λπ.) με φωτοσταθερά φίλτρα ευρέoς φάσματος. Διαθέτει Τεχνολογία Super Fine Mist υψηλής προστασίας και Τεχνολογία On the Move για ταχύτατη εφαρμογή, ακόμα και εν κινήσει, ενώ χάρη στην αποκλειστική καινοτομία Hydro Cosmetic Technology προσφέρει οπτική βελτίωση των ρυτίδων και ματ όψη. Επιπλέον, ενυδατώνει την επιδερμίδα και ενισχύει τον δερματικό φραγμό -διαθέτοντας ωστόσο λεπτόρρευστη υφή- και με την εφαρμογή του στο δέρμα χαρίζει μία αίσθηση πούδρας. Είναι κατάλληλο για πρόσωπο και ευαίσθητα σημεία (αυτιά, σβέρκος), για πάνω από το μακιγιάζ και ψεκάζεται και στα μαλλιά, χωρίς να επηρεάζει το styling. Αποτελεί ιδανική λύση για το ευαίσθητο και το δέρμα με δυσανεξία στα συμβατικά αντηλιακά.;;;;;;;Αντηλιακά;5202888222443;;frezyderm/sun-screen-on-the-move-spf-50-5202888222443.jpg;https://www.frezyderm.gr/adiliaka/adiliaka-prosopou/sun-screen-on-the-move-spf-50-anthliako-spray-proswpou/;frezyderm.gr;Ακριβές (GTIN)
Frezyderm Sea Side Dry Mist Spf 50+;;15,29;25,60;Αντηλιακό dry oil σε μορφή mist που προσφέρει πολύ υψηλή προστασία. Έχει λεπτόρρευστη υφή που απλώνεται πολύ εύκολα και χάρη στη Wet Skin Formula είναι ιδανικό για εφαρμογή και σε βρεγμένο δέρμα, χωρίς να χρειάζεται να προηγηθεί σκούπισμα, ενώ η πρακτική βαλβίδα του προσφέρει ομοιόμορφο συνεχή ψεκασμό, για άριστη εφαρμογή. Προστατεύει από τη φωτογήρανση και τις ελεύθερες ρίζες που προκαλούνται από την UVR ακτινοβολία και καλύπτει τις ανάγκες πολύ υψηλής ηλιοπροστασίας όλης της οικογένεια, ενώ είναι ιδανικό για παιδιά και εφήβους. Σε καινοτόμο airless συσκευασία. Βραβευμένο με το βραβείο Prix De Beaute 2016 ως το καλύτερο προϊόν στην κατηγορία «Δερμοκαλλυντικά: Αντηλιακή Προστασία».;;;;;;;Αντηλιακά;5202888222375;;frezyderm/sea-side-dry-mist-spf-50-5202888222375.jpg;https://www.frezyderm.gr/adiliaka/adiliaka-somatos/sea-side-antiliako-mist/;frezyderm.gr;Ακριβές (GTIN)
Frezyderm Seaweed Hydrogel Care Patch;;13,63;22,82;Μοναδική μάσκα υδρογέλης για την εντατική φροντίδα του προσώπου και την αποτοξίνωση της επιδερμίδας. Η καινοτόμος σύνθεσή της εξασφαλίζει ελεγχόμενη απελευθέρωση των ενεργών συστατικών για μέγιστη διάρκεια δράσης και αποτελεσματικότητα. Ο μοναδικός συνδυασμός δραστικών συστατικών προσφέρει ενυδάτωση, αύξηση της ελαστικότητας του δέρματος και λείανση των ρυτίδων. Προσροφά τους ατμοσφαιρικούς ρύπους με αποτέλεσμα την αποτοξίνωση της επιδερμίδας. Παράλληλα, καταπραΰνει το ερεθισμένο δέρμα έπειτα από έκθεση στην UV ακτινοβολία. Το κάθε επίθεμα αποτελείται από τρεις στρώσεις για την καλύτερη δυνατή διατήρηση και μεταφορά των συστατικών. Η εξωτερική στρώση αποτρέπει την εξάτμιση των συστατικών, η μεσαία παρέχει στο δέρμα τα απαιτούμενα ενεργά συστατικά και τέλος, η τρίτη προστατεύει το επίθεμα.;Χωρίς Ιώδιο;;;;;;Περιποίηση Προσώπου;5202888262531;;frezyderm/seaweed-hydrogel-care-patch-5202888262531.jpg;https://www.frezyderm.gr/proionta-peripoiisis-prosopou/maskes-proswpou-eye-patches/seaweed-hydrogel-care-patch-maska-proswpou/;frezyderm.gr;Αυτόματο
Frezyderm Seb Excess Conditioner 200ml;;7,55;12,64;Προϊόν Frezyderm — FREZYDERM Seb Excess Conditioner 200ml;;;;;;;Διάφορα;5202888105135;;frezyderm/seb-excess-shampoo-5202888105135.jpg;;;Χωρίς σελίδα
Frezyderm Seb Excess Shampoo;;7,60;12,72;Απαλό σαμπουάν που ρυθμίζει και εξισορροπεί τη λιπαρότητα. Η δράση των φυτικών εκχυλισμάτων σε συνδυασμό με Σουλφοπεπτίδια και Capryloyl Glutamate προσφέρουν καθαρισμό σε βάθος, ενώ παράλληλα τονώνουν και προστατεύουν την τρίχα. Τα βαριά και άτονα μαλλιά αποκτούν και πάλι όγκο και λάμψη και το χτένισμα διατηρείται για μεγαλύτερο χρονικό διάστημα. Με ουδέτερο pH.;Μελέτες αποτελεσματικότητας · Μελέτες αξιολόγησης ασφάλειας;;;;;;Περιποίηση Μαλλιών;5202888105128;;frezyderm/seb-excess-shampoo-5202888105128.jpg;https://www.frezyderm.gr/peripoiisi-mallion/sampouan/lipara-mallia/seb-excess-shampoo-sampouan/;frezyderm.gr;Ακριβές (GTIN)
Frezyderm Sebum Control Lotion 100Ml;;12,67;21,20;Προϊόν Frezyderm — FREZYDERM SEBUM CONTROL LOTION 100ML;;;;;;;Διάφορα;5202888105098;;frezyderm/sebum-control-shampoo-5202888105098.jpg;;;Χωρίς σελίδα
Frezyderm Sebum Control Shampoo;;9,47;15,90;Απαλό σαμπουάν που λειτουργεί συνεργατικά με τη φαρμακευτική αγωγή και δρα αποτελεσματικά ενάντια στην σμηγματορροϊκή δερματίτιδα, την ψωρίαση, τον ερεθισμό και τον κνησμό του τριχωτού. Προστατεύει τη δερματική χλωρίδα του τριχωτού και καταπραΰνει την ερεθισμένη επιδερμίδα. Με Ουδέτερο pH.;Μελέτες αποτελεσματικότητας · Μελέτες αξιολόγησης ασφάλειας;;;;;;Περιποίηση Μαλλιών;5202888105081;;frezyderm/sebum-control-shampoo-5202888105081.jpg;https://www.frezyderm.gr/peripoiisi-mallion/sampouan/smigmatorroiki-dermatitida/sebum-control-shampoo-sampouan/;frezyderm.gr;Ακριβές (GTIN)
Frezyderm Self Care Gel Intim Lubricant Care;;15,76;26,38;Ενυδατική και λιπαντική αιδοιoκολπική γέλη για την ανακούφιση των συμπτωμάτων κολπικής ξηρότητας στην αναπαραγωγική ηλικία, όπως κνησμός, τσούξιμο, αίσθημα καύσου, τοπικοί ερεθισμοί η δυσχέρεια κατά τη συνεύρεση. Δεν περιέχει δραστικές φαρμακευτικές ουσίες και ουσίες με ορμονική δράση.;Γυναικολογικά ελεγμένο;;;;;;Ευαίσθητη Περιοχή;5202888102158;5202888227332;frezyderm/dermofilia-hand-cream-75ml-40ml-5202888102158.jpg;https://www.frezyderm.gr/peripoihsh-euaisthhths-perioxhs/eidikh-peripoihsh-euaisthhths-perioxhs/self-care-gel-gia-thn-peripoihsh-euaisthhths-perioxhs/;frezyderm.gr;Αυτόματο
Frezyderm Self Care Gel Intim Lubricant Care;;13,75;23,02;Ενυδατική και λιπαντική αιδοιoκολπική γέλη για την ανακούφιση των συμπτωμάτων κολπικής ξηρότητας στην αναπαραγωγική ηλικία, όπως κνησμός, τσούξιμο, αίσθημα καύσου, τοπικοί ερεθισμοί η δυσχέρεια κατά τη συνεύρεση. Δεν περιέχει δραστικές φαρμακευτικές ουσίες και ουσίες με ορμονική δράση.;Γυναικολογικά ελεγμένο;;;;;;Ευαίσθητη Περιοχή;5202888227585;;frezyderm/self-care-gel-intim-lubricant-care-5202888227585.jpg;https://www.frezyderm.gr/peripoihsh-euaisthhths-perioxhs/eidikh-peripoihsh-euaisthhths-perioxhs/self-care-gel-gia-thn-peripoihsh-euaisthhths-perioxhs/;frezyderm.gr;Αυτόματο
Frezyderm Self Tan Body Shape;;16,00;26,78;Αυτομαυριστικό γαλάκτωμα με παράλληλη συσφικτική δράση. Περιέχει ένα σύμπλεγμα ενεργών συστατικών που δίνουν ένα φυσικό, ομοιόμορφο μαύρισμα στο δέρμα χωρίς έκθεση στον ήλιο ενώ το σύμπλεγμα φυτικών συστατικών ενεργοποιούν τη μελανίνη, ώστε να αποφεύγονται τα εγκαύματα κατά τις πρώτες ημέρες έκθεσης στον ήλιο. Ταυτόχρονα, ενυδατώνει την επιδερμίδα και παρέχει αντιοξειδωτική και αντιγηραντική προστασία. Απλώνεται εύκολα και απορροφάται άμεσα, χωρίς να αφήνει λιπαρότητα, γραμμές και κίτρινα χροιά. Παράλληλα, η εμπλουτισμένη του σύνθεση με φυτικά εκχυλίσματα, καφεΐνη και Guarana, προσφέρει σύσφιξη της επιδερμίδας, ενεργοποιεί τη λιπόλυση, αυξάνει την ελαστικότητα και το σφρίγος της επιδερμίδας και μειώνει την όψη φλοιού πορτοκαλιού.;;;;;;;Αντηλιακά;5202888222283;;frezyderm/self-tan-body-shape-5202888222283.jpg;https://www.frezyderm.gr/adiliaka/automauristiko/automauristiko-galaktwma/;frezyderm.gr;Ακριβές (GTIN)
Frezyderm Sensitive Kids Body Milk;;9,53;15,95;Απαλό ενυδατικό γαλάκτωμα για τη φυσιολογική, ευαίσθητη και ερεθισμένη παιδική επιδερμίδα προσώπου και σώματος. Προσφέρει ισχυρή και παρατεταμένη ενυδάτωση για 24 ώρες και διατηρεί το λιπιδικό ισοζύγιο του δέρματος. Ενισχύει το δερματικό φραγμό, μειώνει τους ερεθισμούς καθώς και τη δερματική αντιδραστικότητα και θρέφει την επιδερμίδα. Προστατεύει τη φυσιολογική δερματική χλωρίδα και ενισχύει το μικροβιολογικό φραγμό.;;;;;;;Παιδική Περιποίηση;5202888230042;;frezyderm/sensitive-kids-body-milk-5202888230042.jpg;https://www.frezyderm.gr/proionta-paidikhs-peripoihshs/paidika-galaktwmata-swmatos/sensitive-kids-body-milk/;frezyderm.gr;Για έλεγχο
Frezyderm Sensitive Kids Styling Gel;;5,08;8,50;Απαλό gel για δυνατό κράτημα που παράλληλα θρέφει και τονώνει την τρίχα. Προστατεύει τη φυσιολογική δερματική χλωρίδα και ενισχύει το μικροβιολογικό φραγμό, ενώ παράλληλα ενυδατώνει την τρίχα, ενισχύει την ελαστικότητα και προστατεύει από τη φθορά.;;;;;;;Παιδική Περιποίηση;5202888230073;;frezyderm/sensitive-kids-styling-gel-5202888230073.jpg;https://www.frezyderm.gr/proionta-paidikhs-peripoihshs/proionta-styling-malliwn-gia-paidia/sensitive-kids-styling-gel-paidiko-zele-malliwn/;frezyderm.gr;Ακριβές (GTIN)
Frezyderm Sensiteeth Epismalto Toothpaste 1.450ppm;;4,79;8,02;Παιδική οδοντόκρεμα φυσικής επισμάλτωσης με Φθόριο 1.450 ppm και Ασβέστιο. Ενισχύει φυσικά το σμάλτο των δοντιών και σταματά την καταστροφή τους από τα οξέα των τροφών και την τερηδόνα. Παράλληλα, προστατεύει από τα μικρόβια, τους ερεθισμούς των ούλων και τον στοματικό βλενογόννο. Με υπέροχο άρωμα φράουλας. Κλινικά Ελεγμένη;;;;;;;Παιδική Περιποίηση;5202888230103;;frezyderm/sensiteeth-epismalto-toothpaste-1-450ppm-5202888230103.jpg;https://www.frezyderm.gr/proionta-paidikhs-peripoihshs/stomatikh-ugieinh/paidikes-odontokremes/sensiteeth-epismalto-toothpaste/;frezyderm.gr;Ακριβές (GTIN)
Frezyderm Sensiteeth First Toothpaste;;3,39;5,70;Οδοντόκρεμα για την πρώτη οδοντοφυΐα, για βρέφη από 6 μηνών έως παιδιά 3 ετών. Η σύνθεση της απαλή και ασφαλή για τον στοματικό βλεννογόνο, προστατεύει τα πρώτα δοντάκια από την τερηδόνα και την δημιουργία πλάκας, και το στόμα από την ανάπτυξη μικροβίων, ενώ σέβεται τη φυσιολογία των ούλων. Με καταπληκτική γεύση βατόμουρου.;;;;;;;Φροντίδα Μωρού;5202888230127;;frezyderm/sensiteeth-first-toothpaste-5202888230127.jpg;https://www.frezyderm.gr/frontida-mwrou/brefiki-stomatiki-ugieini/brefikes-odontokremes/sensiteeth-first-toothpaste-brefiki-odontokrema/;frezyderm.gr;Ακριβές (GTIN)
Frezyderm Sensiteeth Kids Aphthae Gel;;7,01;11,73;Gel για την ανακούφιση του στοματικού βλεννογόνου από άφθες και στοματικά έλκη Σύνθεση με μεγαλομοριακό υαλουρονικό οξύ για την επούλωση των στοματικών ελκών και τη μείωση της διάρκειάς τους. Ενδείκνυται για στοματικά έλκη, αφθώδη στοματίτιδα, επαναλαμβανόμενες ελκώδεις βλάβες (επαναλαμβανόμενα έλκη και λειχήνες), ερεθισμούς της στοματικής κοιλότητας.;;;;;;;Παιδική Περιποίηση;5202888230134;;frezyderm/sensiteeth-kids-aphthae-gel-5202888230134.jpg;https://www.frezyderm.gr/proionta-paidikhs-peripoihshs/stomatikh-ugieinh/paidika-kataprauntika-gel-gia-afthes-stomatika-elkh/sensiteeth-kids-aphthae-gel-tzel-afthes/;frezyderm.gr;Αυτόματο
Frezyderm Sensiteeth Kids Mouthwash;;5,08;8,00;Στοματικό διάλυμα κατά της τερηδόνας, για παιδιά από 6 ετών με Φθόριο 250ppm και Ασβέστιο. Προστατεύει από την τερηδόνα, τα μικρόβια και τους ερεθισμούς των ούλων, ενισχύει το σμάλτο των δοντιών, εξασφαλίζει γερά δόντια χωρίς σφραγίσματα, και είναι ασφαλές για το στοματικό βλενογόννο. Με υπέροχη γεύση βατόμουρου.;Κλινικά ελεγμένο;;;;;;Παιδική Περιποίηση;5202888230080;;frezyderm/sensiteeth-kids-mouthwash-5202888230080.jpg;https://www.frezyderm.gr/proionta-paidikhs-peripoihshs/stomatikh-ugieinh/stomatika-dialumata-gia-paidia/sensiteeth-kids-stomatiko-dialuma-gia-paidia/;frezyderm.gr;Ακριβές (GTIN)
Frezyderm Sensiteeth Kids Toothpaste 1.000ppm;;3,50;5,86;Παιδική οδοντόκρεμα κατά της τερηδόνας με ενισχυμένη σύνθεση Φθορίου 1.000 ppm και Ασβεστίου, ασφαλή για τον στοματικό βλενογόνο που προστατεύει από την τερηδόνα, τα μικρόβια και τους ερεθισμούς των ούλων, ενισχύει το σμάλτο των δοντιών και εξασφαλίζει γερά δόντια χωρίς σφραγίσματα! Με υπέροχη γεύση φράουλας. Κλινικά Ελεγμένη;;;;;;;Παιδική Περιποίηση;5202888230691;5202888230592;frezyderm/sensiteeth-kids-mouthwash-5202888230691.jpg;https://www.frezyderm.gr/proionta-paidikhs-peripoihshs/stomatikh-ugieinh/paidikes-odontokremes/sensiteeth-kids-toothpaste/;frezyderm.gr;Χειροκίνητο
Frezyderm Sensiteeth Kids Toothpaste 1.000ppm;;3,89;6,50;Παιδική οδοντόκρεμα κατά της τερηδόνας με ενισχυμένη σύνθεση Φθορίου 1.000 ppm και Ασβεστίου, ασφαλή για τον στοματικό βλενογόνο που προστατεύει από την τερηδόνα, τα μικρόβια και τους ερεθισμούς των ούλων, ενισχύει το σμάλτο των δοντιών και εξασφαλίζει γερά δόντια χωρίς σφραγίσματα! Με υπέροχη γεύση φράουλας. Κλινικά Ελεγμένη;;;;;;;Παιδική Περιποίηση;5202888230097;;frezyderm/sensiteeth-kids-toothpaste-500ppm-5202888230097.jpg;https://www.frezyderm.gr/proionta-paidikhs-peripoihshs/stomatikh-ugieinh/paidikes-odontokremes/sensiteeth-kids-toothpaste/;frezyderm.gr;Ακριβές (GTIN)
Frezyderm Sensiteeth Kids Toothpaste 500ppm;;2,98;5,00;Παιδική οδοντόκρεμα, κατά της τερηδόνας, για τον καθημερινό καθαρισμό των δοντιών. Η σύνθεση της απαλή, και ασφαλή για τον στοματικό βλεννογόνο. Η συνεργική δράση Φθόριου 500ppm και Ασβεστίου, προστατεύει τα δοντάκια από την τερηδόνα και τα μικρόβια, ενισχύει το σμάλτο των δοντιών και εξασφαλίζει γερά δόντια. Με υπέροχη γεύση βατόμουρου. Κλινικά Ελεγμένη;;;;;;;Παιδική Περιποίηση;5202888230059;;frezyderm/sensiteeth-first-toothpaste-5202888230059.jpg;https://www.frezyderm.gr/proionta-paidikhs-peripoihshs/stomatikh-ugieinh/paidikes-odontokremes/sensiteeth-kids-toothpaste-paidikh-odontokrema/;frezyderm.gr;Ακριβές (GTIN)
Frezyderm Sensitive Kids Intim Girl Foam;;7,90;13,20;Αφρός καθαρισμού για την καθημερινή υγιεινή της ευαίσθητης περιοχής κατά τη νεογνική, παιδική και προεφηβική ηλικία. Με ειδική φόρμουλα που δεν επηρεάζει τη φυσιολογική χλωρίδα και ενισχύει την άμυνας της ευαίσθητης περιοχής. Συμβάλλει στη μείωση ερεθισμών και κακοσμίας. Είναι σε εύχρηστη μορφή έτοιμου αφρού, όπου δεν απαιτείται η χρήση σπόγγου και ξεβγάζεται εύκολα. Δερματολογικά ελεγμένος;;;;;;;Παιδική Περιποίηση;5202888230158;;frezyderm/sensitive-kids-intim-girl-foam-5202888230158.jpg;https://www.frezyderm.gr/proionta-paidikhs-peripoihshs/afroloutra/sensitive-kids-afros-katharismou-euaisthhths-perioxhs/;frezyderm.gr;Ακριβές (GTIN)
Frezyderm Sensitive Kids Magic Spray;;6,35;10,63;Αρωματική λοσιόν που ξεμπερδεύει τα μαλλάκια, χωρίς να τα βαραίνει. Περιέχει μαλακτικούς παράγοντες που ενυδατώνουν την τρίχα σε βάθος και ενισχύουν την ελαστικότητα της τρίχας, διευκολύνοντας το χτένισμα. Προστατεύει τη φυσιολογική δερματική χλωρίδα και ενισχύει το μικροβιολογικό φραγμό της φυσιολογικής καθώς και της ευαίσθητης παιδικής επιδερμίδας.;;;;;;;Παιδική Περιποίηση;5202888230066;;frezyderm/sensitive-kids-shampoo-girls-5202888230066.jpg;https://www.frezyderm.gr/proionta-paidikhs-peripoihshs/proionta-styling-malliwn-gia-paidia/sensitive-kids-paidiko-sprei-gia-ksemplegma-malliwn/;frezyderm.gr;Ακριβές (GTIN)
Frezyderm Sensitive Kids Shampoo Boys;;6,60;11,05;Εξειδικευμένο σαμπουάν για αγόρια, το οποίο περιποιείται απαλά την ευαίσθητη και ερεθισμένη παιδική επιδερμίδα. Προσφέρει βαθύ καθαρισμό ενώ παράλληλα προστατεύει τη φυσιολογική δερματική χλωρίδα, ενισχύει το μικροβιολογικό φραγμό και καταπραΰνει υπάρχοντες ερεθισμούς. Ενυδατώνει και ενισχύει την ελαστικότητα της τρίχας και προσφέρει στα μαλλιά όγκο και λάμψη. Δημιουργεί πλούσιο αφρό που κάνει το λούσιμο “παιχνίδι” και ξεπλένεται πολύ εύκολα. Έχει ουδέτερο pH και δεν ερεθίζει τα μάτια!;;;;;;;Παιδική Περιποίηση;5202888230011;;frezyderm/sensitive-kids-shampoo-boys-5202888230011.jpg;https://www.frezyderm.gr/proionta-paidikhs-peripoihshs/paidika-sampouan/sensitive-kids-paidiko-sampouan-gia-agoria/;frezyderm.gr;Ακριβές (GTIN)
Frezyderm Sensitive Kids Shampoo Girls;;7,09;11,87;Εξειδικευμένο σαμπουάν για κορίτσια, το οποίο περιποιείται απαλά την ευαίσθητη και ερεθισμένη παιδική επιδερμίδα και αφήνει απαλά μαλλιά για εύκολο χτένισμα. Προσφέρει βαθύ καθαρισμό ενώ παράλληλα προστατεύει τη φυσιολογική δερματική χλωρίδα, ενισχύει το μικροβιολογικό φραγμό και καταπραΰνει υπάρχοντες ερεθισμούς. Ενυδατώνει και ενισχύει την ελαστικότητα της τρίχας και προσφέρει στα μαλλιά όγκο και λάμψη. Δημιουργεί πλούσιο αφρό που κάνει το λούσιμο “παιχνίδι” και ξεπλένεται πολύ εύκολα. Έχει ουδέτερο pH και δεν ερεθίζει τα μάτια!;;;;;;;Παιδική Περιποίηση;5202888230028;;frezyderm/sensitive-kids-intim-girl-foam-5202888230028.jpg;https://www.frezyderm.gr/proionta-paidikhs-peripoihshs/paidika-sampouan/sensitive-kids-paidiko-sampouan-gia-koritsia/;frezyderm.gr;Ακριβές (GTIN)
Frezyderm Sensitive Kids Shower Bath;;7,09;9,44;Ενυδατικό αφρόλουτρο, το οποίο περιποιείται τη φυσιολογική, ευαίσθητη και ερεθισμένη παιδική επιδερμίδα. Καθαρίζει σε βάθος, καταπραΰνοντας από ερεθισμούς και φλεγμονές, ενώ παράλληλα προστατεύει τη φυσιολογική δερματική χλωρίδα, ενισχύει το μικροβιολογικό φραγμό και προσφέρει αντιοξειδωτική προστασία από τις ελεύθερες ρίζες και τις περιβαλλοντικές επιθέσεις. Δημιουργεί πλούσιο αφρό που κάνει το μπανάκι “παιχνίδι” και ξεπλένεται πολύ εύκολα. Έχει ουδέτερο pH και δεν ερεθίζει τα μάτια!;;;;;;;Παιδική Περιποίηση;5202888230035;;frezyderm/sensitive-kids-shower-bath-5202888230035.jpg;https://www.frezyderm.gr/proionta-paidikhs-peripoihshs/afroloutra/sensitive-kids-shower-bath/;frezyderm.gr;Ακριβές (GTIN)
Frezyderm Sensitive Red Skin Facial Cream;;14,80;24,78;Καθημερινή κρέμα που ηρεμεί το ευαίσθητο, αντιδραστικό με τάση ερυθρότητας δέρμα. • Μειώνει το αίσθημα καύσου • Προάγει τη βελτίωση των ευρυαγγειών και χαρίζει ματ όψη • Ενισχύει τον διαταραγμένο δερματικό φραγμό • Προσφέρει ισχυρή ενυδάτωση Με αντιρυτιδική και αντιοξειδωτική δράση ΥΠΟΑΛΛΕΡΓΙΚΟ ΠΡΟΪΟΝ - ΧΩΡΙΣ ΑΡΩΜΑΤΑ ΚΑΙ ΧΡΩΣΤΙΚΕΣ 78% Μείωση επιδερμικής θερμοκρασίας* 32% Μείωση ρυτίδων* 18% Αύξηση ενυδάτωσης*;;;;;;;Περιποίηση Προσώπου;5202888271656;5202888271724;frezyderm/sensitive-red-skin-facial-cream-5202888271656.jpg;https://www.frezyderm.gr/proionta-peripoiisis-prosopou/kremes-prosopou/kremes-gia-eyaisthhto-derma/krema-gia-euaisthito-derma-rodoxrous-noso/;frezyderm.gr;Αυτόματο
Frezyderm Sensitive Red Skin Tinted Spf 30 Cream;;13,50;22,60;Έγχρωμη επικαλυπτική κρέμα με υψηλή αντηλιακή προστασία για το ευαίσθητο, αντιδραστικό, με ερυθρότητα δέρμα • Καλύπτει την ερυθρότητα με φυσικό χρώμα και χαρίζει ομοιόμορφη χροιά στην επιδερμίδα • Ηρεμεί το δέρμα και προλαμβάνει την έξαρση των συμπτωμάτων • Παρέχει υψηλή αντηλιακή προστασία μόνο με φυσικά φίλτρα • Μειώνει την αντιδραστικότητα του δέρματος ΥΠΟΑΛΛΕΡΓΙΚΟ ΠΡΟΪΟΝ - ΧΩΡΙΣ ΑΡΩΜΑ 74% Βελτίωση ερυθρότητας*;;;;;;;Περιποίηση Προσώπου;5202888271649;;frezyderm/sensitive-red-skin-tinted-spf-30-cream-5202888271649.jpg;https://www.frezyderm.gr/proionta-peripoiisis-prosopou/kremes-prosopou/kremes-gia-eyaisthhto-derma/egxrwmi-krema-gia-euaisthito-derma-rodoxrous-noso/;frezyderm.gr;Αυτόματο
Frezyderm Skin Cleanser;;11,88;15,14;Κλασσικό καθαριστικό προσώπου και σώματος με ήπια αντισηπτική δράση και μικροβιακή προστασία, σε υγρή μορφή. Περιέχει ήπια μαλακτικά, επιφανειοδραστικά, και ενυδατικά συστατικά τα οποία προσφέρουν αποτελεσματικό καθαρισμό και περιποίηση της επιδερμίδας.;;;;;;;Περιποίηση Προσώπου;5202888010026;;frezyderm/skin-cleanser-5202888010026.jpg;https://www.frezyderm.gr/proionta-peripoiisis-prosopou/katharismos-proswpou/katharistika-prosopou/katharistiko-prosopou-xeriwn-kai-swmatos/;frezyderm.gr;Ακριβές (GTIN)
Frezyderm Skin Code Super Booster Cream 5ml;;8,96;15,00;Προϊόν Frezyderm — FREZYDERM Skin Code Super Booster Cream 5ml;;;;;;;Διάφορα;5202888273131;;frezyderm/face-serum-super-skin-code-5202888273131.jpg;;;Χωρίς σελίδα
Frezyderm Sooth Balm;;12,67;21,21;"Κρέμα περιποίησης της ευαίσθητης επιδερμίδας που πάσχει από κνησμό και ερεθισμούς. Με έναν μοναδικό συνδυασμό από φυτικά έλαια, φυτικά εκχυλίσματα και μαλακτικούς εστέρες, που καταπραΰνει και παράλληλα περιποιείται εντατικά το λεπτό, άτονο και δυσανεκτικό δέρμα. Ιδανικό για την περιποίηση της επιδερμίδας κατά την περίοδο της εγκυμοσύνης. Βραβευμένο με το βραβείο Prix De Beaute 2014 ως το καλύτερο προϊόν στην κατηγορία ""Περιποίηση – Αδυνάτισμα Σώματος""";;;;;;;Περιποίηση Σώματος;5202888102165;5202888261039;frezyderm/sooth-balm-5202888102165.jpg;https://www.frezyderm.gr/peripoiisi-somatos/galaktomata-somatos/sooth-balm-galaktwma-swmatos-knhsmos-erethismoi/;frezyderm.gr;Ακριβές (GTIN)
Frezyderm Spot End Corrective;;20,25;33,90;Λευκαντική κρέμα τοπικής εφαρμογής ενάντια στις δυσχρωμίες. Η ειδικά μελετημένη του λευκαντική σύνθεση μειώνει την ένταση των κηλίδων, διορθώνει τον χρωματικό τόνο και ενισχύει τη λάμψη και την φωτεινότητα της επιδερμίδας. Παράλληλα, αποτρέπει την εμφάνιση νέων κηλίδων στα σημεία εφαρμογής, αναστέλλοντας την μελανογένεση. Η καινοτόμος Τεχνολογία Active Cosmetics βελτιώνει την κατανομή των λευκαντικών ενεργών στο δέρμα για αποτελεσματική δράση. Ο δερματικός τόνος επανέρχεται και η φωτεινότητα αυξάνεται για ομοιόμορφο αποτέλεσμα. -28% ένταση χρώματος δερματικών κηλίδων*;;;;;;;Περιποίηση Προσώπου;5202888102462;;frezyderm/spot-end-corrective-5202888102462.jpg;https://www.frezyderm.gr/proionta-peripoiisis-prosopou/panades-leukansi-proswpou/spot-end-krema-gia-panades/;frezyderm.gr;Αυτόματο
Frezyderm Spot End Day Cream Spf 15;;17,40;29,20;Λευκαντική κρέμα ημέρας για την πρόληψη και τη διόρθωση των δυσχρωμιών. Χάρη στην πρωτοποριακή Τεχνολογία Active Cosmetics, τα εξειδικευμένα λευκαντικά ενεργά φτάνουν στις βαθύτερες επιδερμικές στιβάδες, εκεί όπου παράγεται η μελανίνη, για στοχευμένη δράση. Παράλληλα, το πρωτοποριακό Whitening Skin System αναστέλλει και τα 3 στάδια παραγωγής μελανίνης (μελανογένεσης) για δραστική καταπολέμηση των κηλίδων. Εμπλουτισμένη με Βιταμίνη Ε για αντιοξειδωτική δράση και ενισχυμένη με ενυδατικούς και αντιγηραντικούς παράγοντες για μία 360ο δερματική φροντίδα. -66% παρεμπόδιση μελανογένεσης από τη UVB ακτινοβολία* Πολύ σημαντική αύξηση φωτεινότητας στο 86% των εθελοντών με πανάδες*;;;;;;;Περιποίηση Προσώπου;5202888102424;;frezyderm/spot-end-day-cream-spf-15-5202888102424.jpg;https://www.frezyderm.gr/proionta-peripoiisis-prosopou/panades-leukansi-proswpou/spot-end-krema-prosopou-gia-panades/;frezyderm.gr;Αυτόματο
Frezyderm Spot End Essence Active Gel;;12,24;20,49;Απαλός ορός-gel με οξέα που ανανεώνει την επιδερμίδα και επιταχύνει τη διόρθωση των δυσχρωμιών με διπλό τρόπο: 1.Ένας πολύτιμος και ισχυρός συνδυασμός από Γλυκολικό Οξύ, Γαλακτικό Οξύ, Κιτρικό Οξύ και Γλυκονικό Οξύ απομακρύνει τα νεκρά κερατινοκύτταρα και αποτελεί την ιδανική προετοιμασία του δέρματος για τη λευκαντική φροντίδα που θα ακολουθήσει. 2.Το εκχύλισμα του φυτού Waltheria indica αποχρωματίζει τις επιφανειακές κηλίδες για ορατά αποτελέσματα φωτεινότερου τόνου. Η σύνθεσή του είναι ταυτόχρονα εμπλουτισμένη με ενυδατικούς και καταπραϋντικούς παράγοντες που συμβάλλουν στην προστασία από ερεθισμούς και την άνεση της επιδερμίδας. Η πρωτοποριακή Καινοτομία Active Cosmetics ενισχύει την καλύτερη διείσδυση των δραστικών για αποτελεσματική δράση. Με ισχυρή αντιοξειδωτική δράση. +16,3% λεύκανση του δέρματος*;;;;;;;Περιποίηση Προσώπου;5202888102431;;frezyderm/spot-end-essence-active-gel-5202888102431.jpg;https://www.frezyderm.gr/proionta-peripoiisis-prosopou/panades-leukansi-proswpou/spot-end-gel-gia-panades/;frezyderm.gr;Αυτόματο
Frezyderm Spot End Hand Cream Spf 15;;12,24;20,49;Λευκαντική κρέμα χεριών για την πρόληψη και τη διόρθωση των καφέ κηλίδων. Το Τριπλό Σύστημα Λεύκανσης αναστέλλει και τα 3 στάδια μελανογένεσης για αποτελεσματική στόχευση ενάντια στις δυσχρωμίες και η Τεχνολογία Active Cosmetics επιτρέπει στα συστατικά να φτάνουν στα βαθύτερα επίπεδα του δέρματος. Παράλληλα, διαθέτει αντηλιακά φίλτρα UVA-UVB με δείκτη SPF 15, προστατεύοντας το δέρμα από τις κηλίδες φωτογήρανσης. Προσφέρει και ενυδατική φροντίδα αυξάνοντας την ελαστικότητα της επιδερμίδας αλλά και αντιοξειδωτική προστασία, για μια ολιστική αντιγηραντική περιποίηση. -24% μείωση μελανίνης στις δυσχρωμικές περιοχές* +29% φωτεινότητα στις δυσχρωμικές περιοχές* Πολύ σημαντική αύξηση φωτεινότητας στο 86% των εθελοντών με πανάδες*;;;;;;;Περιποίηση Σώματος;5202888102448;;frezyderm/spot-end-day-cream-spf-15-5202888102448.jpg;https://www.frezyderm.gr/peripoiisi-somatos/kremes-xeriwn/spot-end-hand-spf-15-krema-gia-panades-sta-xeria/;frezyderm.gr;Αυτόματο
Frezyderm Spot End Night Cream;;18,01;30,15;Κρέμα νύχτας για την πρόληψη και τη διόρθωση των δυσχρωμιών. Βασίζεται στην πρωτοποριακή Τεχνολογία Active Cosmetics με Ενεργά Λιποσώματα που ενισχύει τη διείσδυση των λευκαντικών ενεργών στα βαθύτερα επίπεδα του δέρματος για εστιασμένη στόχευση. Το Τριπλό Σύστημα Λεύκανσης που διαθέτει, αναστέλλει και τα 3 στάδια παραγωγής μελανίνης για ορατή αποκατάσταση του τόνου του δέρματος και φωτεινή, ομοιόμορφη όψη. Το έλαιο Jojoba, το Υαλουρονικό Οξύ χαμηλού μοριακού βάρους και η βιταμίνη E συνδυάζονται για να προσφέρουν βαθιά ενυδάτωση και αποτελεσματική αντιγηραντική δράση, χαρίζοντας στην επιδερμίδα νεανική όψη και λάμψη. Έως και 30% πιο φωτεινό δέρμα σε 14 ημέρες* -70% μελανογένεση*;;;;;;;Περιποίηση Προσώπου;5202888102455;;frezyderm/spot-end-day-cream-spf-15-5202888102455.jpg;https://www.frezyderm.gr/proionta-peripoiisis-prosopou/panades-leukansi-proswpou/spot-end-krema-nuxtas-gia-panades-prosopou/;frezyderm.gr;Αυτόματο
Frezyderm Kids Sun Care Spf 50+ Wet Skin Spray;;15,09;25,30;Παιδικό αντηλιακό spray πολύ υψηλής προστασίας που ψεκάζεται απευθείας και σε βρεγμένο δέρμα. Δεν απαιτείται σκούπισμα της επιδερμίδας πριν την εφαρμογή και έτσι δεν χρειάζεται να διακόπτεται το παιχνίδι ή η αθλητική δραστηριότητα των παιδιών στη θάλασσα και την παραλία. Έχει στοχευμένο ψεκασμό για εύκολη εφαρμογή ακόμα και σε συνθήκες ισχυρού ανέμου. Με λεπτόρρευστη, διάφανη, υγρή σύνθεση που δεν αφήνει λευκά ίχνη.;;;;;;;Παιδική Περιποίηση;5202888221279;;frezyderm/kids-sun-care-spf-50-wet-skin-spray-5202888221279.jpg;https://www.frezyderm.gr/proionta-paidikhs-peripoihshs/paidika-anthliaka/kids-sun-care-spf-50-paidiko-anthliako-sprei/;frezyderm.gr;Αυτόματο
Frezyderm Sun Screen Anti-Seb Spray Spf 30;;13,91;23,29;Αντηλιακό γαλάκτωμα προσώπου και σώματος σε spray, ανθεκτικό στο νερό. Ιδανικό για δέρματα με αυξημένη λιπαρότητα και τάση ακμής. Έχει σμηγματορρυθμιστική, αντιακνεϊκή και αντιμικροβιακή δράση. Προσφέρει παρατεταμένη και σταθερή ηλιοπροστασία, προστατεύει τα βλαστοκύτταρα του δέρματος, θωρακίζει το DNA και ενισχύει τους μηχανισμούς αυτοεπιδιόρθωσής του, προστατεύει από τη φωτογήρανση και τη φωτοανοσοκαταστολή και παρέχει αποτελεσματική αντιοξειδωτική προστασία και προστασία από τους περιβαλλοντικούς ρύπους.;;;;;;;Αντηλιακά;5202888102516;;frezyderm/sun-screen-anti-seb-spray-spf-30-5202888102516.jpg;https://www.frezyderm.gr/adiliaka/adiliaka-somatos/sun-screen-anti-seb-spray-spf-30/;frezyderm.gr;Ακριβές (GTIN)
Frezyderm Active Sun Screen Body Foundation Spf 30;;13,47;22,55;Ενεργό αντηλιακό make-up σώματος που καλύπτει δερματικές ατέλειες και δυσχρωμίες, προστατεύει από τις ευρυαγγείες και μειώνει την εμφάνισή τους. Η καινοτόμος 3in1 σύνθεσή του παρέχει στο δέρμα 3πλή φροντίδα: 1) υψηλή ηλιοπροστασία 2) ενυδάτωση μακράς δράσης 3) ισχυρή δράση ενάντια στη φωτο- και χρονο- γήρανση Επιπλέον, η τεχνολογία χρωματικής προσαρμογής Color Adapt Pigments που διαθέτει, εξασφαλίζει τέλεια χρωματική ομοιογένεια σε κάθε τόνο επιδερμίδας, από τον πιο ανοιχτόχρωμο έως τον πιο σκουρόχρωμο. Τέλος, η σύνθεσή του είναι εμπλουτισμένη με Glycogen, έναν πολυσακχαρίτη θαλάσσιας προέλευσης, που προστατεύει από τις συνέπειες της έκθεσης στην ηλεκτρομαγνητική ακτινοβολία ενώ τα πολύτιμα φυτικά βλαστο­κύτταρα βαμβακιού δημιουργούν μία ασπίδα προστασίας από τα στερεά σωματίδια των ατμοσφαιρικών ρύπων.;;;;;;;Αντηλιακά;5202888102486;;frezyderm/active-sun-screen-face-foundation-spf-30-5202888102486.jpg;https://www.frezyderm.gr/adiliaka/adiliaka-somatos/active-antiliako-make-up-gia-to-swma/;frezyderm.gr;Αυτόματο
Frezyderm Sun Screen Clear Spray Spf20 150ml;;11,78;19,72;Προϊόν Frezyderm — FREZYDERM Sun Screen Clear Spray SPF20 150ml;;;;;;;Διάφορα;5202888102509;;frezyderm/sun-screen-velvet-face-spf-30-5202888102509.jpg;;;Χωρίς σελίδα
Frezyderm Sun Screen Cream-To-Powder Spf 50+;;14,00;23,44;Μία αντηλιακή κρέμα προσώπου, που συνδυάζει την αποτελεσματική ηλιοπροστασία με τη νέα τάση μεταμόρφωσης υφής για καλλυντική ευχαρίστηση και με τη φροντίδα του δέρματος. Στηριγμένο στην καινοτομία Transforming Τextures, μόλις το αντηλιακό εφαρμοστεί στο δέρμα, η υφή του μετατρέπεται σταδιακά από ελαφριά κρέμα σε μία μοναδική αίσθηση πούδρας. Παράλληλα, το ευεργετικό για το δέρμα εκχύλισμα λευκής παιώνιας* - White Peony Pure Skin Benefits - ενισχύει τον επιδερμικό φραγμό, μειώνει τη διαδερμική απώλεια υγρασίας και βελτιώνει τους μηχανισμούς ενυδάτωσης της επιδερμίδας. Για πολύ υψηλή προστασία, με μία μοναδική αίσθηση πούδρας. Αντιμετωπίζει και προστατεύει από: τη χρόνια ξηρότητα του δέρματος την ανεπαρκή λειτουργία του επιδερμικoύ φραγμού την πρόωρη γήρανση Προσφέρει: πολύ υψηλή ηλιοπροστασία ενίσχυση επιδερμικού φραγμού βελτίωση των μηχανισμών ενυδάτωσης του δέρματος * Το εκχύλισμα λευκής παιώνιας έχει μελετηθεί ειδικά σε εθελοντές με διαταραγμένο επιδερμικό φραγμό και χρόνια ξηρότητα λόγω εξωγενών και ενδογενών παραγόντων, όπως είναι η έλλειψη βιταμινών (π.χ. βιταμίνη D).;;;;;;;Αντηλιακά;5202888400124;;frezyderm/sun-screen-cream-to-powder-spf-50-5202888400124.jpg;https://www.frezyderm.gr/adiliaka/adiliaka-prosopou/sun-screen-cream-to-powder-spf-50/;frezyderm.gr;Αυτόματο
Frezyderm Sun Screen Invisible Spray Spf 50+;;16,30;27,30;Αντηλιακό διάφανο spray σώματος, ανθεκτικό στο νερό. Περιέχει φωτοσταθερά φίλτρα για αποτελεσματική ηλιοπροστασία και παράλληλα προσφέρει προστασία των βλαστοκυττάρων του δέρματος από τις επιθέσεις της UVB, μειώνει τους ερεθισμούς της κεράτινης στοιβάδας που προκαλούνται από την έκθεση στον ήλιο και παρέχει αντιοξειδωτική προστασία. Παράλληλα, έχει αντιφλεγμονώδη δράση και επανορθώνει τη φθορά του κολλαγόνου από την UVA (φωτογήρανση).;;;;;;;Αντηλιακά;5202888222405;;frezyderm/sun-screen-invisible-spray-spf-50-5202888222405.jpg;https://www.frezyderm.gr/adiliaka/adiliaka-somatos/diafano-antiliako-somatos/;frezyderm.gr;Αυτόματο
Frezyderm Sun Screen Mousse Spf 50+;;15,80;26,45;Καινοτομία αντηλιακού σε μορφή αφρού που δεν αφήνει λιπαρότητα στο δέρμα. Προσφέρει πολύ υψηλή ηλιοπροστασία ευρέος φάσματος και διαθέτει ειδικά μελετημένη σύνθεση που προστατεύει την επιδερμίδα από το οξειδωτικό στρες και τους περιβαλλοντικούς ρύπους. Η λεπτόρρευστη, μη λιπαρή υφή mousse επιτρέπει εύκολη και ομοιόμορφη εφαρμογή, ενυδατώνει το δέρμα και προσφέρει υψηλή αίσθηση ευεξίας. Έτσι, ενισχύεται η συχνή επάλειψη για συνεχή, αποτελεσματική προστασία κάτω απ’ τον ήλιο.;;;;;;;Αντηλιακά;5202888222467;;frezyderm/sun-screen-mousse-spf-50-5202888222467.jpg;https://www.frezyderm.gr/adiliaka/adiliaka-somatos/sun-screen-mousse-spf-50/;frezyderm.gr;Ακριβές (GTIN)
Frezyderm Sun Screen Mousse Spf 30;;13,64;22,83;Αντηλιακό προσώπου και σώματος, ανθεκτικό στο νερό. Σε μορφή αφρού με άριστη υφή, για κάθε τύπο δέρματος. Χάρη στη καινοτόμο του μορφή (αφρός), εφαρμόζεται εύκολα επιτυγχάνοντας ιδανική διασπορά φίλτρων για ομοιόμορφο μαύρισμα δημιουργώντας παράλληλα στο δέρμα ένα συνεχές film προστασίας, χωρίς να αφήνει ίχνη λιπαρότητας. Προσφέρει παρατεταμένη και σταθερή ηλιοπροστασία, προστατεύει τα βλαστοκύτταρα του δέρματος, θωρακίζει το DNA και ενισχύει τους μηχανισμούς αυτοεπιδιόρθωσής του, προστατεύει από τη φωτογήρανση και τη φωτοανοσοκαταστολή και παρέχει αποτελεσματική αντιοξειδωτική προστασία και προστασία από τους περιβαλλοντικούς ρύπους.;;;;;;;Αντηλιακά;5202888222412;;frezyderm/sun-screen-mousse-spf-30-5202888222412.jpg;https://www.frezyderm.gr/adiliaka/adiliaka-somatos/antiliako-mous-spf-30/;frezyderm.gr;Ακριβές (GTIN)
Frezyderm Sun Screen Mousse Spf 30;;13,64;22,83;Αντηλιακό προσώπου και σώματος, ανθεκτικό στο νερό. Σε μορφή αφρού με άριστη υφή, για κάθε τύπο δέρματος. Χάρη στη καινοτόμο του μορφή (αφρός), εφαρμόζεται εύκολα επιτυγχάνοντας ιδανική διασπορά φίλτρων για ομοιόμορφο μαύρισμα δημιουργώντας παράλληλα στο δέρμα ένα συνεχές film προστασίας, χωρίς να αφήνει ίχνη λιπαρότητας. Προσφέρει παρατεταμένη και σταθερή ηλιοπροστασία, προστατεύει τα βλαστοκύτταρα του δέρματος, θωρακίζει το DNA και ενισχύει τους μηχανισμούς αυτοεπιδιόρθωσής του, προστατεύει από τη φωτογήρανση και τη φωτοανοσοκαταστολή και παρέχει αποτελεσματική αντιοξειδωτική προστασία και προστασία από τους περιβαλλοντικούς ρύπους.;;;;;;;Αντηλιακά;5202888102233;;frezyderm/sun-screen-mousse-spf-30-5202888102233.jpg;https://www.frezyderm.gr/adiliaka/adiliaka-somatos/antiliako-mous-spf-30/;frezyderm.gr;Αυτόματο
Frezyderm Sun Screen Second Skin Face 30+ 50ml;;15,65;26,20;Προϊόν Frezyderm — FREZYDERM SUN SCREEN SECOND SKIN FACE 30+ 50ml;;;;;;;Διάφορα;5202888222306;;frezyderm/sun-screen-velvet-face-spf-30-5202888222306.jpg;;;Χωρίς σελίδα
Frezyderm Sun Screen Second Skin Face 50+ 50ml;;16,37;27,40;Προϊόν Frezyderm — FREZYDERM SUN SCREEN SECOND SKIN FACE 50+ 50ml;;;;;;;Διάφορα;5202888222290;;frezyderm/sun-screen-velvet-face-spf-50-5202888222290.jpg;;;Χωρίς σελίδα
Frezyderm Sun Screen Tan Accelerator Spf 10;;16,45;27,54;Αντηλιακό γαλάκτωμα προσώπου και σώματος, με επιταχυντές μαυρίσματος. Η σύνθεσή του ενεργοποιεί την ταχύτερη παραγωγή μελανίνης, για γρήγορο, βαθύ, ομοιόμορφο μαύρισμα διάρκειας με φυσικό τρόπο. Παράλληλα, ενυδατώνει την επιδερμίδα και προστατεύει από το ξεφλούδισμα. Προσφέρει παρατεταμένη και σταθερή ηλιοπροστασία, προστατεύει τα βλαστοκύτταρα του δέρματος, θωρακίζει το DNA και ενισχύει τους μηχανισμούς αυτοεπιδιόρθωσής του, προστατεύει από τη φωτογήρανση και τη φωτοανοσοκαταστολή και παρέχει αποτελεσματική αντιοξειδωτική προστασία και προστασία από τους περιβαλλοντικούς ρύπους.;;;;;;;Αντηλιακά;5202888102592;;frezyderm/sun-screen-tan-accelerator-spf-10-5202888102592.jpg;https://www.frezyderm.gr/adiliaka/adiliaka-somatos/antiliako-gia-grigoro-maurisma/;frezyderm.gr;Ακριβές (GTIN)
Frezyderm Sun Screen Velvet Body Lotion Spf 50+;;16,90;28,29;Η προστασία από τον ήλιο δεν χωρά διαπραγματεύσεις. Το πρωτοποριακό διάφανο αντηλιακό σώματος προσφέρει πολύ υψηλή προστασία με βελούδινη, υπερ-ανάλαφρη υφή που απλώνεται εύκολα και γρήγορα στο δέρμα, χωρίς τριβή. ΑΠΟΚΛΕΙΣΤΙΚΗ ΚΑΙ ΚΑΤΟΧΥΡΩΜΕΝΗ ΠΑΤΕΝΤΑ ΤΗΣ FREZYDERΜ Τεχνολογία Second Skin ΕΝΑ ΕΚΠΛΗΚΤIΚΑ ΒΕΛΟΥΔΙΝΟ, ΑΝΑΛΑΦΡΟ, ΔΙΑΦΑΝΟ ΠΕΠΛΟ ΣΤΟ ΔΕΡΜΑ Το αντηλιακό σώματος που άλλαξε τον χάρτη της ηλιοπροστασίας έχει ως σήμα κατατεθέν του τη διάφανη σύνθεση με την υπέροχη βελούδινη υφή που απλώνεται σαν αόρατο δεύτερο δέρμα. ΔΕΝ ΑΦΗΝΕΙ ΛΙΠΑΡΟΤΗΤΑ Έχει μη λιπαρή σύνθεση που επιτρέπει στο δέρμα να αναπνέει και δεν δημιουργεί ασφυκτικό φιλμ. αλλά και στις ανοιξιάτικες και καλοκαιρινές βόλτες. ΠΡΟΗΓΜΕΝΑ ΑΝΤΗΛΙΑΚΑ ΦΙΛΤΡΑ Η σύνθεση του με νεότερης τεχνολογίας φωτοσταθερά αντηλιακά φίλτρα προσφέρει πολύ υψηλή προστασία ευρέος φάσματος (UVA, UVB, Μπλε Φως που εκπέμπουν οι οθόνες και IR ακτινοβολία). ΑΡΙΣΤΗ ΚΑΤΑΝΟΜΗ & ΥΨΗΛΗ ΑΓΚΙΣΤΡΩΣΗ ΤΩΝ ΑΝΤΗΛΙΑΚΩΝ ΦΙΛΤΡΩΝ Η τεχνολογία Second Skin κατανέμει ομοιόμορφα τα φίλτρα στην επιδερμίδα, εύκολα και άμεσα, χωρίς να χρειάζεται τριβή κατά την επάλειψη. Τα φίλτρα αγκιστρώνονται ισχυρά στο δέρμα για υψηλή ανθεκτικότητα στο νερό και τον ιδρώτα και πιο αποτελεσματική προστασία από την ηλιακή ακτινοβολία. ΜΕ ΣΕΒΑΣΜΟ ΣΤΟΝ ΑΝΘΡΩΠΟ ΚΑΙ ΤΟ ΠΕΡΙΒΑΛΛΟΝ Η Τεχνολογία Second Skin εξασφαλίζει υψηλή αγκίστρωση των φίλτρων στο δέρμα, κι έτσι: - Δεν διεισδύουν στις βαθύτερες στιβάδες της επιδερμίδας1 - Δεν εισχωρούν στην κυκλοφορία του αίματος1 - Δεν απομακρύνονται και δεν ανιχνεύονται στο θαλασσινό νερό2, διαφυλάσσοντας το θαλάσσιο περιβάλλον Ανθεκτικό στο νερό Η προστασία ολοκληρώνεται με το αντηλιακό προσώπου SUN SCREEN VELVET. 1. Μελέτη και αξιολόγηση διαπερατότητας UV-φίλτρων αντηλιακών Velvet Second Skin Technology SPF50+ & Color Velvet Second Skin Technology SPF50+ (FREZYDERM) από ανθρώπινο δέρμα. 2. Μελέτη προσδιορισμού περιβαλλοντικού αποτυπώματος- Προσδιορισμός αντηλιακών φίλτρων των αντηλιακών Velvet Second Skin Technology SPF50+ & Color Velvet Second Skin Technology SPF50+ (FREZYDERM) στο θαλασσινό νερό.;Ιδανικό για καθημερινή χρήση, όχι μόνο στην παραλία · Δερματολογικά ελεγμένο;;;;;;Αντηλιακά;5202888222313;;frezyderm/sun-screen-velvet-face-spf-50-5202888222313.jpg;https://www.frezyderm.gr/adiliaka/adiliaka-somatos/antiliako-swmatos-velvet/;frezyderm.gr;Αυτόματο
Frezyderm Sun Screen Color Velvet Face Spf 50+;;18,93;31,70;Ηλιοπροστασία χωρίς συμβιβασμούς με το πρωτοποριακό αντηλιακό με χρώμα. Συνδυάζει τέλεια κάλυψη με ασύγκριτα βελούδινη υπερ-ανάλαφρη υφή που γίνεται ένα με το δέρμα και προσφέρει πολύ υψηλή προστασία. ΑΠΟΚΛΕΙΣΤΙΚΗ ΚΑΙ ΚΑΤΟΧΥΡΩΜΕΝΗ ΠΑΤΕΝΤΑ ΤΗΣ FREZYDERΜ Τεχνολογία Second Skin ΤΕΛΕΙΑ ΚΑΛΥΠΤΙΚΟ ΚΑΙ ΣΟΥΠΕΡ ΑΕΡΙΝΟ ΜΑΖΙ! Καλύπτει δυσχρωμίες, σημάδια και ατέλειες με τη χαρακτηριστική υφή που καθιέρωσε πρώτο το Sun Screen Velvet μεταξύ των αντηλιακών: βελούδινη και εκπληκτικά ανάλαφρη, που απλώνεται σαν αέρινο πέπλο και αφήνει ματ φινίρισμα. ΧΡΩΜΑ ΠΟΥ ΤΑΙΡΙΑΖΕΙ ΣΕ ΚΑΘΕ ΤΟΝΟ Χαρίζει αψεγάδιαστο αποτέλεσμα με Τεχνολογία Προσαρμογής Χρώματος σε κάθε τόνο επιδερμίδας. Το χρώμα παραμένει σταθερό και αναλλοίωτο σε δύσκολες συνθήκες (ήλιος, εφίδρωση). Perfect touch, perfect match! ΜΗ ΛΙΠΑΡΗ ΑΙΣΘΗΣΗ ΠΟΥ ΔΕΝ ΦΡΑΣΣΕΙ ΤΟΥΣ ΠΟΡΟΥΣ Δεν βαραίνει το δέρμα και έχει μη φαγεσωρογόνο σύνθεση, ιδανική ακόμα και για λιπαρές επιδερμίδες. Επιπλέον, απορροφά την υπερβολική λιπαρότητα για όψη χωρίς γυαλάδες. Με μικροπρισματικούς κρυστάλλους για άμεσο εφέ λείανσης ρυτίδων. ΠΡΟΗΓΜΕΝΑ ΑΝΤΗΛΙΑΚΑ ΦΙΛΤΡΑ Η σύνθεση του με νεότερης τεχνολογίας φωτοσταθερά αντηλιακά φίλτρα προσφέρει πολύ υψηλή προστασία ευρέος φάσματος (UVA, UVB, Μπλε Φως που εκπέμπουν οι οθόνες και IR ακτινοβολία). ΑΡΙΣΤΗ ΚΑΤΑΝΟΜΗ & ΥΨΗΛΗ ΑΓΚΙΣΤΡΩΣΗ ΤΩΝ ΑΝΤΗΛΙΑΚΩΝ ΦΙΛΤΡΩΝ Η τεχνολογία Second Skin κατανέμει ομοιόμορφα τα φίλτρα στην επιδερμίδα, εύκολα και άμεσα, χωρίς να χρειάζεται τριβή κατά την επάλειψη. Τα φίλτρα αγκιστρώνονται ισχυρά στο δέρμα για υψηλή ανθεκτικότητα στο νερό και τον ιδρώτα και πιο αποτελεσματική προστασία από την ηλιακή ακτινοβολία. ΜΕ ΣΕΒΑΣΜΟ ΣΤΟΝ ΑΝΘΡΩΠΟ ΚΑΙ ΤΟ ΠΕΡΙΒΑΛΛΟΝ Η Τεχνολογία Second Skin εξασφαλίζει υψηλή αγκίστρωση των φίλτρων στο δέρμα, κι έτσι: - Δεν διεισδύουν στις βαθύτερες στιβάδες της επιδερμίδας1 - Δεν εισχωρούν στην κυκλοφορία του αίματος1 - Δεν απομακρύνονται και δεν ανιχνεύονται στο θαλασσινό νερό2, διαφυλάσσοντας το θαλάσσιο περιβάλλον Ανθεκτικό στο νερό ΔΕΙΤΕ ΤΟ VIDEO ΜΕ ΤΙΣ ΟΔΗΓΙΕΣ ΠΡΩΤΗΣ ΧΡΗΣΗΣ 1. Μελέτη και αξιολόγηση διαπερατότητας UV-φίλτρων αντηλιακών Velvet Second Skin Technology SPF50+ & Color Velvet Second Skin Technology SPF50+ (FREZYDERM) από ανθρώπινο δέρμα. 2. Μελέτη προσδιορισμού περιβαλλοντικού αποτυπώματος- Προσδιορισμός αντηλιακών φίλτρων των αντηλιακών Velvet Second Skin Technology SPF50+ & Color Velvet Second Skin Technology SPF50+ (FREZYDERM) στο θαλασσινό νερό.;Δερματολογικά ελεγμένο · Χωρίς άρωμα · Χωρίς γλουτένη;;;;;;Αντηλιακά;5202888222351;;frezyderm/sun-screen-color-velvet-face-spf-50-5202888222351.jpg;https://www.frezyderm.gr/adiliaka/adiliaka-prosopou-me-xroma/antiliako-me-xrwma-velvet-spf-50/;frezyderm.gr;Αυτόματο
Frezyderm Sun Screen Color Velvet Face Spf 30;;18,96;31,74;"Ηλιοπροστασία χωρίς συμβιβασμούς με το πρωτοποριακό αντηλιακό με χρώμα. Συνδυάζει τέλεια κάλυψη με ασύγκριτα βελούδινη υπερ-ανάλαφρη υφή που γίνεται ένα με το δέρμα και προσφέρει υψηλή προστασία. ΑΠΟΚΛΕΙΣΤΙΚΗ ΚΑΙ ΚΑΤΟΧΥΡΩΜΕΝΗ ΠΑΤΕΝΤΑ ΤΗΣ FREZYDERΜ Τεχνολογία Second Skin ΤΕΛΕΙΑ ΚΑΛΥΠΤΙΚΟ ΚΑΙ ΣΟΥΠΕΡ ΑΕΡΙΝΟ ΜΑΖΙ! Καλύπτει δυσχρωμίες, σημάδια και ατέλειες με τη χαρακτηριστική υφή που καθιέρωσε πρώτο το Sun Screen Velvet μεταξύ των αντηλιακών: βελούδινη και εκπληκτικά ανάλαφρη, που απλώνεται σαν αέρινο πέπλο και αφήνει ματ φινίρισμα. ΧΡΩΜΑ ΠΟΥ ΤΑΙΡΙΑΖΕΙ ΣΕ ΚΑΘΕ ΤΟΝΟ Χαρίζει αψεγάδιαστο αποτέλεσμα με Τεχνολογία Προσαρμογής Χρώματος σε κάθε τόνο επιδερμίδας. Το χρώμα παραμένει σταθερό και αναλλοίωτο σε δύσκολες συνθήκες (ήλιος, εφίδρωση). Perfect touch, perfect match! ΜΗ ΛΙΠΑΡΗ ΑΙΣΘΗΣΗ ΠΟΥ ΔΕΝ ΦΡΑΣΣΕΙ ΤΟΥΣ ΠΟΡΟΥΣ Δεν βαραίνει το δέρμα και έχει μη φαγεσωρογόνο σύνθεση, ιδανική ακόμα και για λιπαρές επιδερμίδες. Επιπλέον, απορροφά την υπερβολική λιπαρότητα για όψη χωρίς γυαλάδες. • Με μικροπρισματικούς κρυστάλλους για άμεσο εφέ λείανσης ρυτίδων. ΠΡΟΗΓΜΕΝΑ ΑΝΤΗΛΙΑΚΑ ΦΙΛΤΡΑ Η σύνθεση του με νεότερης τεχνολογίας φωτοσταθερά αντηλιακά φίλτρα προσφέρει υψηλή προστασία ευρέος φάσματος (UVA, UVB, Μπλε Φως που εκπέμπουν οι οθόνες και IR ακτινοβολία). ΑΡΙΣΤΗ ΚΑΤΑΝΟΜΗ & ΥΨΗΛΗ ΑΓΚΙΣΤΡΩΣΗ ΤΩΝ ΑΝΤΗΛΙΑΚΩΝ ΦΙΛΤΡΩΝ Η τεχνολογία Second Skin κατανέμει ομοιόμορφα τα φίλτρα στην επιδερμίδα, εύκολα και άμεσα, χωρίς να χρειάζεται τριβή κατά την επάλειψη. Τα φίλτρα αγκιστρώνονται ισχυρά στο δέρμα για υψηλή ανθεκτικότητα στο νερό και τον ιδρώτα και πιο αποτελεσματική προστασία από την ηλιακή ακτινοβολία. ΜΕ ΣΕΒΑΣΜΟ ΣΤΟΝ ΑΝΘΡΩΠΟ ΚΑΙ ΤΟ ΠΕΡΙΒΑΛΛΟΝ Η Τεχνολογία Second Skin εξασφαλίζει υψηλή αγκίστρωση των φίλτρων στο δέρμα, κι έτσι: - Δεν διεισδύουν στις βαθύτερες στιβάδες της επιδερμίδας1 - Δεν εισχωρούν στην κυκλοφορία του αίματος1 - Δεν απομακρύνονται και δεν ανιχνεύονται στο θαλασσινό νερό2, διαφυλάσσοντας το θαλάσσιο περιβάλλον Ανθεκτικό στο νερό Βραβευμένη στην κατηγορία ΑΝΤΗΛΙΑΚΟ ΑΝΤΙΓΗΡΑΝΣΗ, στα βραβεία ""Beauty Stars Awards"" του Madame Figaro, το 2018. ΔΕΙΤΕ ΤΟ VIDEO ΜΕ ΤΙΣ ΟΔΗΓΙΕΣ ΠΡΩΤΗΣ ΧΡΗΣΗΣ 1. Μελέτη και αξιολόγηση διαπερατότητας UV-φίλτρων αντηλιακών Velvet Second Skin Technology SPF50+ & Color Velvet Second Skin Technology SPF50+ (FREZYDERM) από ανθρώπινο δέρμα. 2. Μελέτη προσδιορισμού περιβαλλοντικού αποτυπώματος- Προσδιορισμός αντηλιακών φίλτρων των αντηλιακών Velvet Second Skin Technology SPF50+ & Color Velvet Second Skin Technology SPF50+ (FREZYDERM) στο θαλασσινό νερό.";Δερματολογικά ελεγμένο · Χωρίς άρωμα · Χωρίς γλουτένη;;;;;;Αντηλιακά;5202888222399;;frezyderm/sun-screen-color-velvet-face-spf-50-5202888222399.jpg;https://www.frezyderm.gr/adiliaka/adiliaka-prosopou-me-xroma/egxrwmo-antiliako-prosopou/;frezyderm.gr;Αυτόματο
Frezyderm Sun Screen Fluid-To-Powder Spf 50+;;15,98;26,70;Μία αντηλιακή υγρή κρέμα προσώπου, που συνδυάζει την αποτελεσματική ηλιοπροστασία με τη νέα τάση μεταμόρφωσης υφής για καλλυντική ευχαρίστηση και με τη φροντίδα του δέρματος. Στηριγμένο στην καινοτομία Transforming Τextures, μόλις το αντηλιακό εφαρμοστεί στο δέρμα, η υφή του μετατρέπεται σταδιακά από ελαφρύ γαλάκτωμα σε μία μοναδική αίσθηση πούδρας. Παράλληλα, το ευεργετικό για το δέρμα εκχύλισμα λευκής παιώνιας* - White Peony Pure Skin Benefits- ενισχύει τον επιδερμικό φραγμό, μειώνει τη διαδερμική απώλεια υγρασίας και βελτιώνει τους μηχανισμούς ενυδάτωσης της επιδερμίδας. Για πολύ υψηλή προστασία, με μία μοναδική αίσθηση πούδρας. Αντιμετωπίζει και προστατεύει από: τη χρόνια ξηρότητα του δέρματος την ανεπαρκή λειτουργία του επιδερμικoύ φραγμού την πρόωρη γήρανση Προσφέρει: πολύ υψηλή ηλιοπροστασία ενίσχυση επιδερμικού φραγμού βελτίωση των μηχανισμών ενυδάτωσης του δέρματος * Το εκχύλισμα λευκής παιώνιας έχει μελετηθεί ειδικά σε εθελοντές με διαταραγμένο επιδερμικό φραγμό και χρόνια ξηρότητα λόγω εξωγενών και ενδογενών παραγόντων, όπως είναι η έλλειψη βιταμινών (π.χ. βιταμίνη D).;;;;;;;Αντηλιακά;5202888400117;;frezyderm/sun-screen-fluid-to-powder-spf-50-5202888400117.jpg;https://www.frezyderm.gr/adiliaka/adiliaka-prosopou/sun-screen-fluid-to-powder-spf-50-anthliako-proswpou/;frezyderm.gr;Αυτόματο
Frezyderm Black & Polish Toothpaste;;5,10;8,54;Οδοντόκρεμα για φυσική λεύκανση στίλβωση και καθαρισμό που εξασφαλίζει λαμπερό χαμόγελο. Με μοναδικό συνδυασμό Ενεργού Άνθρακα που απομακρύνει αποτελεσματικά δυσχρωμίες και κηλίδες και κόκκων Περλίτη που προσφέρουν extra καθαρισμό και λάμψη, χωρίς να καταστρέφουν το σμάλτο. Στιλβώνει, λευκαίνει και καθαρίζει τα δόντια Προσφέρει ισχυρή χρωματική αντίθεση Καταπολεμά τη μικροβιακή πλάκα Αποτρέπει τη δημιουργία μεμβράνης μικροβίων Προστατεύει από την τερηδόνα Προσφέρει παρατεταμένη γεύση και δροσιά;;;;;;;Στοματική Υγιεινή;5202888281112;;frezyderm/black-polish-toothpaste-5202888281112.jpg;https://www.frezyderm.gr/proionta-gia-th-stomatikh-ygieinh/proionta-stomatikhs-ygieinhs-gia-enhlikes/proionta-leykanshs-dontiwn/black-white-toothpaste/;frezyderm.gr;Αυτόματο
Frezyderm Gingivital Toothpaste;;3,71;6,60;Οδοντόκρεμα για την προστασία από την ουλίτιδα. Με καινοτόμο ισχυρό συνδυασμό άλατος ψευδαργύρου, κυμενόλης και εκχυλίσματος από φαιοφύκια, που προστατεύει αποτελεσματικά τα ευαίσθητα και διογκωμένα ούλα. - Καταπολέμα το βακτήριο Porphyromonas Gingivalis που προκαλεί την ουλίτιδα - Συσφίγγει και προστατεύει τα ούλα - Καταπολεμά την τερηδόνα - Έχει καταπραϋντική και αντιφλογιστική δράση - Προσφέρει ευχάριστη δροσερή αναπνοή;;;;;;;Στοματική Υγιεινή;5202888281068;;frezyderm/gingivital-toothpaste-5202888281068.jpg;https://www.frezyderm.gr/proionta-gia-th-stomatikh-ygieinh/proionta-stomatikhs-ygieinhs-gia-enhlikes/prostasia-apo-thn-oulitida/gingivital-toothpaste-odontokrema/;frezyderm.gr;Ακριβές (GTIN)
Frezyderm Homeopathy Toothpaste;;5,08;8,60;Οδοντόκρεμα για άτομα που ακολουθούν ομοιοπαθητική αγωγή. - Επιταχύνει την ομαλή επισμάλτωση και συνεπικουρεί στη λεύκανση - Καταπολεμά την τερηδόνα - Αντιμετωπίζει την ξηροστομία - Προστατεύει τα ούλα;;;;;;;Στοματική Υγιεινή;5202888283000;;frezyderm/homeopathy-toothpaste-5202888283000.jpg;https://www.frezyderm.gr/proionta-gia-th-stomatikh-ygieinh/proionta-stomatikhs-ygieinhs-gia-enhlikes/proionta-stomatikhs-ygieinhs-kai-omoiopathhtikh/homeopathy-toothpaste-odontokrema-sumbati-me-omoiopathitiki-agwgi/;frezyderm.gr;Ακριβές (GTIN)
Frezyderm Odor Blocker Toothpaste;;4,82;8,60;Οδοντόκρεμα για την καθημερινή αντιμετώπιση της στοματικής κακοσμίας και της δυσάρεστης αναπνοής (χαλίτωση). Με ειδικά σχεδιασμένη σύνθεση που καταπολεμά τη δράση των Gram- βακτηρίων που είναι υπεύθυνα για την παραγωγή θειούχων πτητικών ενώσεων που αποτελούν την κύρια αιτία της κακοσμίας. Αντιμετωπίζει την κακοσμία Εξουδετερώνει τη δυσάρεστη αναπνοή Καταπολεμά τη μικροβιακή πλάκα Προσφέρει παρατεταμένη δράση Χαρίζει άμεση αίσθηση φρεσκάδας;;;;;;;Στοματική Υγιεινή;5202888281105;;frezyderm/odor-blocker-toothpaste-5202888281105.jpg;https://www.frezyderm.gr/proionta-gia-th-stomatikh-ygieinh/proionta-stomatikhs-ygieinhs-gia-enhlikes/kakosmia-stomatos/odor-blocker-toothpaste-odontokrema-gia-tin-kakosmia-tou-stomatos/;frezyderm.gr;Αυτόματο
Frezyderm Periodigum Toothpaste;;5,87;9,80;Οδοντόκρεμα για τα προβλήματα των ούλων και της στοματικής κοιλότητας. Με εξειδικευμένη σύνθεση, εμπλουτισμένη με Χλωρεξιδίνη 0,1%, Βιοενεργό Πεπτίδιο και Υαλουρονικό Οξύ που συνεπικουρεί στη φυσική ανάπλαση των δοντιών. - Καταπολεμά τη μικροβιακή πλάκα - Βοηθάει στην ενεργοποίηση των οδοντικών οστεοβλαστών - Ενυδατώνει και περιποιείται τα ούλα - Συσφίγγει τα ούλα - Προστατεύει από την τερηδόνα;;;;;;;Στοματική Υγιεινή;5202888281044;;frezyderm/periodigum-toothpaste-5202888281044.jpg;https://www.frezyderm.gr/proionta-gia-th-stomatikh-ygieinh/proionta-stomatikhs-ygieinhs-gia-enhlikes/prostasia-apo-thn-periodontitida/periodigum-toothpaste-odontokrema/;frezyderm.gr;Ακριβές (GTIN)
Frezyderm Plaque & Tartar Toothpaste;;3,60;6,00;Οδοντόκρεμα για την καθημερινή φροντίδα των δοντιών και των ούλων. Με καινοτόμο τεχνολογία ενεργού πολυμερούς, που εγκλωβίζει τα ενεργά συστατικά της και προσκολλάται στη στοματική κοιλότητα, ώστε να ενισχύει αλλά και να παρατείνει τη διάρκεια δράσης τους. - Απομακρύνει την πέτρα - Καταπολεμά τη μικροβιακή πλάκα - Αποτρέπει τη δημιουργία μεμβράνης μικροβίων - Προστατεύει από την τερηδόνα - Προσφέρει ευχάριστη δροσερή αναπνοή;;;;;;;Στοματική Υγιεινή;5202888281037;;frezyderm/plaque-amp-tartar-toothpaste-5202888281037.jpg;https://www.frezyderm.gr/proionta-gia-th-stomatikh-ygieinh/proionta-stomatikhs-ygieinhs-gia-enhlikes/prostasia-apo-thn-terhdona/plaque-tartar-toothpaste-odontokrema-gia-tin-teridona/;frezyderm.gr;Ακριβές (GTIN)
Frezyderm Pregnancy Toothpaste;;4,76;8,00;Οδοντόκρεμα για την καθημερινή στοματική φροντίδα κατά την εγκυμοσύνη και το θηλασμό. Η συνεργική δράση ειδικά επιλεγμένων δραστικών συστατικών τα βοηθά να αντιμετωπίζουν συνολικά τα προβλήματα της στοματικής κοιλότητας που προκαλούνται από τις ορμονικές αλλαγές κατά την εγκυμοσύνη και το θηλασμό. - Εμπλουτίζει τη στοματική κοιλότητα με ασβέστιο και φωσφορικά ιόντα - Επιταχύνει την ομαλή επισμάλτωση - Προστατεύει τα ούλα - Καταπολεμά τη μικροβιακή πλάκα - Αποτρέπει τη δημιουργία μεμβράνης μικροβίων - Αντιμετωπίζει την ξηροστομία - Προστατεύει από την τερηδόνα;;;;;;;Στοματική Υγιεινή;5202888281051;;frezyderm/pregnancy-toothpaste-5202888281051.jpg;https://www.frezyderm.gr/proionta-gia-th-stomatikh-ygieinh/proionta-stomatikhs-ygieinhs-gia-enhlikes/proionta-stomatikhs-ygieinhs-gia-egkymosynh/pregnancy-toothpaste-odontokrema-gia-egkuous/;frezyderm.gr;Ακριβές (GTIN)
Frezyderm Sensitive Teeth Toothpaste;;3,70;6,19;Οδοντόκρεμα για την καθημερινή φροντίδα των ευαίσθητων δοντιών. Με σύνθεση εμπλουτισμένη με οργανικό άλας καλίου, που η εξειδικευμένη δράση του αντιμετωπίζει άμεσα και αποτελεσματικά τα συμπτώματα και μειώνει σημαντικά την υπερευαισθησία των δοντιών (δυσανεξία σε κρύες, ζεστές ή όξινες τροφές και ροφήματα, έντονη μάσηση, εισπνοή κρύου αέρα). - Μειώνει την ευαισθησία των δοντιών - Καταπολεμά τη μικροβιακή πλάκα - Αποτρέπει τη δημιουργία μεμβράνης μικροβίων - Προστατεύει από την τερηδόνα - Προσφέρει ευχάριστη δροσερή αναπνοή;;;;;;;Στοματική Υγιεινή;5202888281020;;frezyderm/sensitive-teeth-toothpaste-5202888281020.jpg;https://www.frezyderm.gr/proionta-gia-th-stomatikh-ygieinh/proionta-stomatikhs-ygieinhs-gia-enhlikes/proionta-stomatikhs-ygieinhs-gia-eyaisthhta-dontia/sensitive-teeth-toothpaste-odontokrema-gia-euaisthita-dontia/;frezyderm.gr;Ακριβές (GTIN)
Frezyderm Whitening Toothpaste;;4,19;7,01;Οδοντόκρεμα που λευκαίνει τα δόντια και διατηρεί το φυσικό, λαμπερό σας χαμόγελο. Με σύνθεση στηριγμένη στη σύγχρονη τεχνολογία micro-silica των πατενταρισμένων κόκκων πυριτίου που εξασφαλίζει τη μέγιστη λευκαντική και καθαριστική δράση, χωρίς να διαβρώνει το σμάλτο των δοντιών. - Λευκαίνει και γυαλίζει τα δόντια - Εξαλείφει τις μόνιμες και ημιμόνιμες δυσχρωμίες και κηλίδες - Καταπολεμά τη μικροβιακή πλάκα - Αποτρέπει τη δημιουργία μεμβράνης μικροβίων - Προστατεύει από την τερηδόνα - Προσφέρει παρατεταμένη γεύση και δροσιά;;;;;;;Στοματική Υγιεινή;5202888281013;;frezyderm/whitening-toothpaste-5202888281013.jpg;https://www.frezyderm.gr/proionta-gia-th-stomatikh-ygieinh/proionta-stomatikhs-ygieinhs-gia-enhlikes/proionta-leykanshs-dontiwn/whitening-toothpaste-odontokrema-leukansis-dontiwn/;frezyderm.gr;Ακριβές (GTIN)
Frezyderm Instant Whitening Blue Toothpaste;;4,44;7,50;Οδοντόκρεμα για άμεση λεύκανση και αστραφτερό χαμόγελο. Με μοναδικό συνδυασμό ειδικής μπλε χρωστικής και κόκκων πυριτίου για άμεσο και ορατά λευκότερο αποτέλεσμα, χωρίς να διαβρώνει το σμάλτο των δοντιών. - Λευκαίνει άμεσα τα δόντια - Αφαιρεί δυσχρωμίες και κηλίδες - Καταπολεμά τη μικροβιακή πλάκα - Αποτρέπει τη δημιουργία μεμβράνης μικροβίων - Προστατεύει από την τερηδόνα - Προσφέρει παρατεταμένη γεύση και δροσιά;;;;;;;Στοματική Υγιεινή;5202888281006;;frezyderm/instant-whitening-blue-toothpaste-5202888281006.jpg;https://www.frezyderm.gr/proionta-gia-th-stomatikh-ygieinh/proionta-stomatikhs-ygieinhs-gia-enhlikes/proionta-leykanshs-dontiwn/instant-whitening-blue-toothpaste-odontokrema-leukansis-dontiwn/;frezyderm.gr;Αυτόματο
Frezyderm Tripleffect Cream Gel 150ml;;18,77;31,42;Προϊόν Frezyderm — FREZYDERM Tripleffect Cream Gel 150ml;;;;;;;Διάφορα;5202888102103;;;;;Χωρίς σελίδα
Frezyderm Velvet Stars Sun Screen Spf 50+;;17,90;30,00;Η απόλυτη καινοτομία ηλιοπροστασίας με wet & glow look: συνδυάζει μοναδικά τον πολύ υψηλό δείκτη προστασίας, για την απαραίτητη ασφάλεια του δέρματος κάτω από τον ήλιο, με μια εντυπωσιακή λάμψη υψηλής αισθητικής υπεροχής. Προσφέρει προστασία από πολλαπλά μήκη κύματος της ηλιακής ακτινοβολίας (UVB-UVA-VIS-IR) και διαθέτει ειδικά επιλεγμένα φίλτρα για υψηλή αντιοξειδωτική προστασία. WATER DROPS SILVER GLOW ΑΠΟΤΕΛΕΣΜΑ Μια καινοτομία της FREZYDERM που χαρίζει στην επιδερμίδα σαγηνευτική λάμψη, shimmering effect, και δημιουργεί όψη βρεγμένου δέρματος που διαρκεί. ΠΑΤΕΝΤΑΡΙΣΜΕΝΗ ΤΕΧΝΟΛΟΓΙΑ SECOND SKIN Βασισμένο στην έχει μια μοναδική ανάλαφρη, βελούδινη υφή, που απλώνεται εύκολα και γρήγορα. Δημιουργεί ένα πέπλο προστασίας σαν δεύτερο δέρμα, που επιτρέπει όμως στην επιδερμίδα να «αναπνέει». Το ενεργό κλάσμα καρυδέλαιου που περιέχει ενισχύει το φυσικό μαύρισμα, δίνοντας άμεσα ένα χαρακτηριστικό bronze χρώμα. Παράλληλα, ενισχύει την άμυνα της επιδερμίδας και προστατεύει από τη φωτογήρανση. Με συγκλονιστικό άρωμα και ονειρεμένη όψη sun-kissed δέρματος για μια ξεχωριστή εμπειρία ηλιοέκθεσης.;Δερματολογικά ελεγμένο;;;;;;Αντηλιακά;6202888222979;5202888222979;frezyderm/velvet-stars-sun-screen-spf-50-6202888222979.jpg;https://www.frezyderm.gr/adiliaka/adiliaka-somatos/velvet-stars-sun-screen-spf-50-/;frezyderm.gr;Αυτόματο
Frezyderm Vitamin D3;;7,36;12,32;Το FREZYDERM VITAMIN D3 σε παρθένο ελαιόλαδο περιέχει 5μg βιταμίνη D3 (χοληκαλσιφερόλης) ανά σταγόνα. Αποτελείται από μείγμα φυσικών τοκοφερολών (αντιοξειδωτικό) σε βάση παρθένου ελαιόλαδου και δεν περιέχει συντηρητικά. Η βιταμίνη D3 έχει πολλά σημαντικά οφέλη για τον οργανισμό: Συμβάλλει στη φυσιολογική απορρόφηση/χρησιμοποίηση του ασβεστίου και του φωσφόρου. Συμβάλλει στη διατήρηση των φυσιολογικών επιπέδων ασβεστίου στο αίμα. Συμβάλλει στη διατήρηση της φυσιολογικής κατάστασης των οστών, των δοντιών και της λειτουργίας των μυών. Συμβάλλει στη φυσιολογική λειτουργία του ανοσοποιητικού συστήματος. Παίζει ρόλο στη διαδικασία της κυτταρικής διαίρεσης. Συστατικά: Παρθένο ελαιόλαδο, Βιταμίνη D3 (χοληκαλσιφερόλη), Σογιέλαιο (Σόγια), Μονογλυκερίδια, Τοκοφερόλες-εκχύλισμα, Στερόλες, Σκουαλένιο. Βασικό θρεπτικό συστατικό: Βιταμίνη D3 (χοληκαλσιφερόλη), 5μg (200 IU) ανά σταγόνα που αντιστοιχεί στο 100% της Διατροφικής τιμής αναφοράς (ΔΤΑ) στην Ευρώπη. Σε άλλες περιοχές η ΔΤΑ ενδέχεται να διαφέρει. Συμβουλευτείτε τον ιατρό ή τον φαρμακοποιό σας. Αρ. Γνωστοποίησης ΕΟΦ: 127464/01.12.2020. Δεν επέχει θέση άδειας κυκλοφορίας.;;;;;;;Συμπληρώματα Διατροφής;5202888331527;;frezyderm/vitamin-d3-5202888331527.jpg;https://www.frezyderm.gr/sumplhrwmata-diatrofis/symplhrwmata-diatrofhs-gia-elleipsh-bitaminhs-d3-/symplhrwma-diatrofhs-ws-phgh-bitaminhs-d3/;frezyderm.gr;Αυτόματο
Frezyderm Volpaderm Aha Milk;;26,86;44,96;Πρωτοποριακό γαλάκτωμα σώματος με ένα μοναδικό συνδυασμό απολέπισης και ενυδάτωσης που ανανεώνει θεαματικά την επιδερμίδα. Οξέα φρούτων και ένας πλούσιος συνδυασμός από ενυδατικούς και μαλακτικούς παράγοντες, απομακρύνουν τα νεκρά κύτταρα από την επιδερμίδα και ταυτόχρονα τη θρέφουν και ενισχύουν τη φυσιολογική ανανέωση των κυττάρων, χαρίζοντάς της ολοκληρωμένη περιποίηση. Με απαλή, μη λιπαρή υφή που απορροφάται άμεσα και σας επιτρέπει να ντυθείτε αμέσως.;Δερματολογικά ελεγμένο;;;;;;Περιποίηση Σώματος;5202888271083;;frezyderm/volpaderm-aha-milk-5202888271083.jpg;https://www.frezyderm.gr/peripoiisi-somatos/galaktomata-somatos/volpaderm-aha-milk-galaktwma-enudatwsh-apolepish-swmatos/;frezyderm.gr;Ακριβές (GTIN)
Frezyderm Volpaderm Aha Cream;;22,56;37,77;Πρωτοποριακή κρέμα προσώπου με ένα μοναδικό συνδυασμό απολέπισης και ενυδάτωσης που ανανεώνει θεαματικά την επιδερμίδα. Οξέα φρούτων και ένας πλούσιος συνδυασμός από ενυδατικούς και μαλακτικούς παράγοντες, απομακρύνουν τα νεκρά κύτταρα από την επιδερμίδα και ταυτόχρονα τη θρέφουν και ενισχύουν τη φυσιολογική ανανέωση των κυττάρων, χαρίζοντάς της ολοκληρωμένη περιποίηση. Έτσι, η επιδερμίδα είναι και φαίνεται υγιής, φρέσκια και λαμπερή. Με απαλή, μη λιπαρή υφή που απορροφάται άμεσα. Δερματολογικά Ελεγμένη;;;;;;;Περιποίηση Προσώπου;5202888271076;;frezyderm/volpaderm-aha-cream-5202888271076.jpg;https://www.frezyderm.gr/proionta-peripoiisis-prosopou/kremes-prosopou/enudatikes-kremes-prosopou/krema-apolepisis-enudatwshs-prosopou/;frezyderm.gr;Ακριβές (GTIN)
Frezyderm Volpaderm Nails Treating Gel;;16,90;25,68;Εξειδικευμένο gel για τις γραμμώσεις και τις χρωματικές κηλίδες, με μαλακτικά πρόσθετα και ενυδατικούς παράγοντες που συμβάλλουν στην καλή ανάπτυξη των νυχιών, την ενίσχυση της έκφυσής τους και τη μείωση της λευκονυχίας. Με ρύγχος εφαρμογής.;;;;;;;Περιποίηση Σώματος;5202888010620;;frezyderm/volpaderm-nails-treating-gel-5202888010620.jpg;https://www.frezyderm.gr/peripoiisi-somatos/kremes-xeriwn/volpaderm-krema-gia-thn-peripoihsh-nuxiwn/;frezyderm.gr;Ακριβές (GTIN)
Frezyderm Vomi Free;;10,50;17,58;Συμπλήρωμα διατροφής για την καταπολέμηση της ναυτίας (λόγω εγκυμοσύνης, ταξιδιού ή δυσπεψίας) με βάση την Πιπερόριζα (Τζίντζερ), την Ινουλίνη και Βιταμίνες της ομάδας Β. Καλύπτει τις διατροφικές ελλείψεις ή τις αυξημένες ανάγκες του οργανισμού σε αυτά τα θρεπτικά συστατικά. Πιπερόριζα (Zingiber Officinale Rosc.) που καταπολεμά τη ναυτία και προάγει την πεπτική λειτουργία. Βιταμίνες B1, B2 και B6 που συμβάλλουν στον φυσιολογικό μεταβολισμό της ενέργειας και στη μείωση της κούρασης και της κόπωσης. Ινουλίνη, πρεβιοτική ίνα φυτικής προέλευσης που προάγει την ισορροπία της εντερικής χλωρίδας.;;;;;;;Συμπληρώματα Διατροφής;5202888331589;5202888331559;frezyderm/vomi-free-5202888331589.png;https://www.frezyderm.gr/sumplhrwmata-diatrofis/subliromata-diatrofis-gia-katapolemisi-nautias/vomi-free-sumplirwma-diatrofis-gia-ti-katapolemisi-tis-nautias/;frezyderm.gr;Για έλεγχο
Frezyderm Βιολογικό Χαμομήλι 30gr;;7,38;12,36;Προϊόν Frezyderm — FREZYDERM Βιολογικό Χαμομήλι 30gr;;;;;;;Διάφορα;5202888009068;5202888009061;;;;Χωρίς σελίδα